ts,path,tokyo_avg,tokyo_loss,cf_avg,cf_loss,goog_avg,goog_loss,sdr_udp_rtt
2026-08-26 11:55:50,modem,33,0,2,0,2,0,33
2026-08-26 11:55:50,pppoe,34,0,3,0,2,0,33
2026-08-26 11:56:31,modem,33,0,2,0,2,0,34
2026-08-26 11:56:31,pppoe,34,0,3,0,3,0,34
2026-08-26 11:57:12,modem,33,0,3,0,2,0,33
2026-08-26 11:57:12,pppoe,34,0,3,0,2,0,34
2026-08-26 11:57:53,modem,33,0,2,0,2,0,33
2026-08-26 11:57:53,pppoe,34,0,12,0,22,0,33
2026-08-26 11:58:37,modem,33,0,3,0,3,0,33
2026-08-26 11:58:37,pppoe,34,0,3,0,2,0,34
2026-08-26 11:59:17,modem,33,0,2,0,2,0,33
2026-08-26 11:59:17,pppoe,38,0,30,0,4,0,33
2026-08-26 11:59:58,modem,33,0,2,0,2,0,33
2026-08-26 11:59:58,pppoe,34,0,3,0,2,0,34
2026-08-26 12:00:39,modem,32,0,3,0,2,0,34
2026-08-26 12:00:39,pppoe,34,0,4,0,2,0,33
2026-08-26 12:01:20,modem,33,0,3,0,2,0,33
2026-08-26 12:01:20,pppoe,33,0,3,0,2,0,34
2026-08-26 12:02:01,modem,33,0,2,0,2,0,34
2026-08-26 12:02:01,pppoe,34,0,3,0,2,0,33
2026-08-26 12:02:45,modem,33,0,2,0,2,0,34
2026-08-26 12:02:45,pppoe,34,0,3,0,2,0,33
2026-08-26 12:03:26,modem,33,0,3,0,2,0,33
2026-08-26 12:03:26,pppoe,33,0,3,0,2,0,34
2026-08-26 12:04:07,modem,33,0,2,0,2,0,33
2026-08-26 12:04:07,pppoe,48,0,3,0,2,0,36
2026-08-26 12:04:51,modem,33,0,3,0,2,0,34
2026-08-26 12:04:51,pppoe,33,0,3,0,2,0,34
2026-08-26 12:05:32,modem,33,0,2,0,2,0,33
2026-08-26 12:05:32,pppoe,34,0,3,0,2,0,34
2026-08-26 12:06:14,modem,33,0,2,0,2,0,34
2026-08-26 12:06:14,pppoe,34,0,4,0,2,0,33
2026-08-26 12:06:55,modem,33,0,3,0,2,0,33
2026-08-26 12:06:55,pppoe,35,0,3,0,3,0,35
2026-08-26 12:07:36,modem,33,0,3,0,2,0,33
2026-08-26 12:07:36,pppoe,34,0,3,0,2,0,34
2026-08-26 12:08:18,modem,33,0,3,0,2,0,33
2026-08-26 12:08:18,pppoe,34,0,3,0,2,0,34
2026-08-26 12:08:59,modem,33,0,2,0,2,0,33
2026-08-26 12:08:59,pppoe,33,0,3,0,2,0,33
2026-08-26 12:09:42,modem,33,0,3,0,2,0,34
2026-08-26 12:09:42,pppoe,33,0,3,0,2,0,33
2026-08-26 12:10:23,modem,33,0,2,0,2,0,33
2026-08-26 12:10:23,pppoe,34,0,27,0,7,0,33
2026-08-26 12:11:04,modem,32,0,3,0,2,0,33
2026-08-26 12:11:04,pppoe,40,0,8,0,2,0,34
2026-08-26 12:11:44,modem,33,0,3,0,2,0,34
2026-08-26 12:11:44,pppoe,42,0,27,0,2,0,34
2026-08-26 12:12:27,modem,33,0,3,0,2,0,33
2026-08-26 12:12:27,pppoe,34,0,3,0,2,0,33
2026-08-26 12:13:08,modem,33,0,2,0,2,0,34
2026-08-26 12:13:08,pppoe,33,0,3,0,2,0,32
2026-08-26 12:13:49,modem,33,0,2,0,2,0,33
2026-08-26 12:13:49,pppoe,34,0,3,0,3,0,33
2026-08-26 12:14:31,modem,33,0,2,0,2,0,34
2026-08-26 12:14:31,pppoe,34,0,3,0,2,0,33
2026-08-26 12:15:12,modem,33,0,2,0,3,0,33
2026-08-26 12:15:12,pppoe,34,0,3,0,4,0,34
2026-08-26 12:15:54,modem,33,0,2,0,2,0,33
2026-08-26 12:15:54,pppoe,34,0,3,0,2,0,33
2026-08-26 12:16:37,modem,33,0,2,0,3,0,33
2026-08-26 12:16:37,pppoe,34,0,4,0,3,0,33
2026-08-26 12:17:18,modem,33,0,2,0,2,0,33
2026-08-26 12:17:18,pppoe,34,0,3,0,3,0,34
2026-08-26 12:17:59,modem,33,0,2,0,2,0,33
2026-08-26 12:17:59,pppoe,35,0,3,0,2,0,34
2026-08-26 12:18:40,modem,33,0,3,0,2,0,33
2026-08-26 12:18:40,pppoe,34,0,3,0,4,0,33
2026-08-26 12:19:22,modem,33,0,2,0,2,0,34
2026-08-26 12:19:22,pppoe,34,0,3,0,2,0,33
2026-08-26 12:20:03,modem,33,0,2,0,2,0,33
2026-08-26 12:20:03,pppoe,33,0,3,0,2,0,33
2026-08-26 12:20:44,modem,33,0,3,0,2,0,34
2026-08-26 12:20:44,pppoe,33,0,4,0,3,0,33
2026-08-26 12:21:26,modem,33,0,2,0,2,0,33
2026-08-26 12:21:26,pppoe,34,0,3,0,3,0,33
2026-08-26 12:22:07,modem,33,0,3,0,2,0,33
2026-08-26 12:22:07,pppoe,34,0,3,0,2,0,33
2026-08-26 12:22:48,modem,33,0,3,0,3,0,34
2026-08-26 12:22:48,pppoe,33,0,3,0,2,0,33
2026-08-26 12:23:30,modem,33,0,2,0,2,0,34
2026-08-26 12:23:30,pppoe,33,0,3,0,2,0,33
2026-08-26 12:24:11,modem,33,0,3,0,2,0,33
2026-08-26 12:24:11,pppoe,33,0,3,0,2,0,36
2026-08-26 12:24:55,modem,33,0,2,0,2,0,34
2026-08-26 12:24:55,pppoe,34,0,3,0,3,0,36
2026-08-26 12:25:36,modem,33,0,2,0,2,0,33
2026-08-26 12:25:36,pppoe,34,0,3,0,2,0,33
2026-08-26 12:26:17,modem,33,0,3,0,3,0,34
2026-08-26 12:26:17,pppoe,34,0,3,0,2,0,33
2026-08-26 12:26:58,modem,33,0,3,0,2,0,34
2026-08-26 12:26:58,pppoe,34,0,3,0,2,0,33
2026-08-26 12:27:40,modem,33,0,2,0,2,0,34
2026-08-26 12:27:40,pppoe,34,0,3,0,2,0,34
2026-08-26 12:28:23,modem,33,0,3,0,2,0,33
2026-08-26 12:28:23,pppoe,33,0,3,0,2,0,33
2026-08-26 12:29:05,modem,32,0,2,0,2,0,34
2026-08-26 12:29:05,pppoe,34,0,3,0,3,0,33
2026-08-26 12:29:46,modem,33,0,2,0,3,0,34
2026-08-26 12:29:46,pppoe,34,0,4,0,2,0,34
2026-08-26 12:30:28,modem,33,0,2,0,2,0,33
2026-08-26 12:30:28,pppoe,34,0,3,0,2,0,33
2026-08-26 12:31:11,modem,32,0,3,0,2,0,33
2026-08-26 12:31:11,pppoe,34,0,3,0,2,0,33
2026-08-26 12:31:52,modem,33,0,2,0,3,0,34
2026-08-26 12:31:52,pppoe,33,0,3,0,2,0,33
2026-08-26 12:32:34,modem,33,0,2,0,2,0,33
2026-08-26 12:32:34,pppoe,34,0,3,0,2,0,34
2026-08-26 12:33:15,modem,33,0,2,0,2,0,34
2026-08-26 12:33:15,pppoe,33,0,4,0,2,0,34
2026-08-26 12:33:57,modem,33,0,2,0,2,0,33
2026-08-26 12:33:57,pppoe,36,0,3,0,3,0,33
2026-08-26 12:34:40,modem,33,0,2,0,2,0,33
2026-08-26 12:34:40,pppoe,34,0,3,0,2,0,38
2026-08-26 12:35:21,modem,33,0,3,0,2,0,34
2026-08-26 12:35:21,pppoe,34,0,3,0,2,0,33
2026-08-26 12:36:02,modem,33,0,2,0,2,0,33
2026-08-26 12:36:02,pppoe,34,0,3,0,2,0,35
2026-08-26 12:36:44,modem,33,0,3,0,3,0,34
2026-08-26 12:36:44,pppoe,34,0,3,0,2,0,40
2026-08-26 12:37:27,modem,33,0,3,0,2,0,33
2026-08-26 12:37:27,pppoe,33,0,3,0,2,0,33
2026-08-26 12:38:07,modem,33,0,2,0,3,0,33
2026-08-26 12:38:07,pppoe,33,0,4,0,2,0,33
2026-08-26 12:38:48,modem,33,0,3,0,2,0,34
2026-08-26 12:38:48,pppoe,34,0,3,0,2,0,33
2026-08-26 12:39:32,modem,33,0,2,0,2,0,34
2026-08-26 12:39:32,pppoe,34,0,4,0,2,0,34
2026-08-26 12:40:15,modem,32,0,3,0,2,0,34
2026-08-26 12:40:15,pppoe,33,0,3,0,2,0,34
2026-08-26 12:40:58,modem,33,0,3,0,2,0,34
2026-08-26 12:40:58,pppoe,33,0,4,0,2,0,34
2026-08-26 12:41:41,modem,33,0,3,0,2,0,34
2026-08-26 12:41:41,pppoe,33,0,3,0,2,0,33
2026-08-26 12:42:22,modem,33,0,3,0,2,0,32
2026-08-26 12:42:22,pppoe,33,0,3,0,2,0,33
2026-08-26 12:43:04,modem,33,0,2,0,2,0,33
2026-08-26 12:43:04,pppoe,34,0,3,0,2,0,33
2026-08-26 12:43:47,modem,33,0,2,0,3,0,33
2026-08-26 12:43:47,pppoe,34,0,3,0,2,0,33
2026-08-26 12:44:30,modem,33,0,3,0,2,0,34
2026-08-26 12:44:30,pppoe,34,0,3,0,3,0,34
2026-08-26 12:45:11,modem,33,0,2,0,2,0,34
2026-08-26 12:45:11,pppoe,34,0,3,0,2,0,33
2026-08-26 12:45:52,modem,33,0,3,0,2,0,34
2026-08-26 12:45:52,pppoe,34,0,3,0,2,0,34
2026-08-26 12:46:35,modem,33,0,3,0,2,0,34
2026-08-26 12:46:35,pppoe,33,0,3,0,3,0,33
2026-08-26 12:47:16,modem,33,0,2,0,2,0,33
2026-08-26 12:47:16,pppoe,33,0,4,0,2,0,33
2026-08-26 12:47:59,modem,33,0,2,0,2,0,33
2026-08-26 12:47:59,pppoe,34,0,3,0,2,0,33
2026-08-26 12:48:43,modem,33,0,2,0,2,0,34
2026-08-26 12:48:43,pppoe,33,0,3,0,2,0,33
2026-08-26 12:49:24,modem,33,0,3,0,2,0,33
2026-08-26 12:49:24,pppoe,34,0,3,0,2,0,33
2026-08-26 12:50:05,modem,33,0,3,0,2,0,33
2026-08-26 12:50:05,pppoe,34,0,3,0,2,0,33
2026-08-26 12:50:49,modem,33,0,2,0,2,0,34
2026-08-26 12:50:49,pppoe,33,0,3,0,3,0,33
2026-08-26 12:51:30,modem,33,0,2,0,2,0,34
2026-08-26 12:51:30,pppoe,34,0,3,0,3,0,33
2026-08-26 12:52:11,modem,33,0,2,0,2,0,33
2026-08-26 12:52:11,pppoe,34,0,3,0,2,0,33
2026-08-26 12:52:55,modem,33,0,2,0,2,0,33
2026-08-26 12:52:55,pppoe,35,0,3,0,2,0,33
2026-08-26 12:53:37,modem,33,0,2,0,2,0,34
2026-08-26 12:53:37,pppoe,33,0,3,0,2,0,36
2026-08-26 12:54:18,modem,33,0,3,0,2,20,34
2026-08-26 12:54:18,pppoe,34,0,3,0,25,0,37
2026-08-26 12:55:02,modem,33,0,2,0,2,0,33
2026-08-26 12:55:02,pppoe,34,0,3,0,2,0,33
2026-08-26 12:55:43,modem,33,0,2,0,2,0,33
2026-08-26 12:55:43,pppoe,33,0,3,0,2,0,33
2026-08-26 12:56:26,modem,33,0,3,0,2,0,33
2026-08-26 12:56:26,pppoe,34,0,4,0,2,0,33
2026-08-26 12:57:09,modem,33,0,3,0,2,0,33
2026-08-26 12:57:09,pppoe,34,0,3,0,2,0,33
2026-08-26 12:57:50,modem,33,0,3,0,2,0,34
2026-08-26 12:57:50,pppoe,34,0,3,0,2,0,33
2026-08-26 12:58:33,modem,33,0,3,0,2,0,34
2026-08-26 12:58:33,pppoe,33,0,3,0,2,0,33
2026-08-26 12:59:15,modem,33,0,2,0,2,0,34
2026-08-26 12:59:15,pppoe,33,0,3,0,2,0,36
2026-08-26 12:59:56,modem,33,0,2,0,2,0,34
2026-08-26 12:59:56,pppoe,34,0,3,0,2,0,33
2026-08-26 13:00:38,modem,33,0,2,0,2,0,34
2026-08-26 13:00:38,pppoe,34,0,3,0,2,0,33
2026-08-26 13:01:19,modem,33,0,3,0,2,0,33
2026-08-26 13:01:19,pppoe,34,0,4,0,2,0,33
2026-08-26 13:02:00,modem,33,0,2,0,2,0,34
2026-08-26 13:02:00,pppoe,34,0,3,0,2,0,32
2026-08-26 13:02:46,modem,33,0,3,0,2,0,34
2026-08-26 13:02:46,pppoe,33,0,3,0,2,0,33
2026-08-26 13:03:27,modem,33,0,2,0,2,0,34
2026-08-26 13:03:27,pppoe,34,0,3,0,2,0,33
2026-08-26 13:04:07,modem,33,0,3,0,2,0,34
2026-08-26 13:04:07,pppoe,33,0,3,0,2,0,33
2026-08-26 13:04:51,modem,33,0,3,0,2,0,33
2026-08-26 13:04:51,pppoe,34,0,3,0,3,0,33
2026-08-26 13:05:34,modem,33,0,4,0,2,0,33
2026-08-26 13:05:34,pppoe,34,0,3,0,2,0,33
2026-08-26 13:06:16,modem,33,0,2,0,2,0,34
2026-08-26 13:06:16,pppoe,34,0,3,0,2,0,33
2026-08-26 13:07:00,modem,33,0,3,0,2,0,34
2026-08-26 13:07:00,pppoe,33,0,3,0,2,0,33
2026-08-26 13:07:41,modem,33,0,3,0,2,0,33
2026-08-26 13:07:41,pppoe,34,0,3,0,2,0,33
2026-08-26 13:08:23,modem,32,0,2,0,2,0,34
2026-08-26 13:08:23,pppoe,33,0,3,0,3,0,33
2026-08-26 13:09:07,modem,33,0,3,0,2,0,33
2026-08-26 13:09:07,pppoe,33,0,3,0,2,0,33
2026-08-26 13:09:50,modem,33,0,2,0,2,0,33
2026-08-26 13:09:50,pppoe,35,0,3,0,3,0,33
2026-08-26 13:10:30,modem,33,0,3,0,2,0,33
2026-08-26 13:10:30,pppoe,33,0,3,0,2,0,33
2026-08-26 13:11:11,modem,33,0,2,0,2,0,33
2026-08-26 13:11:11,pppoe,33,0,3,0,2,0,33
2026-08-26 13:11:55,modem,33,0,2,0,2,0,34
2026-08-26 13:11:55,pppoe,34,0,3,0,2,0,33
2026-08-26 13:12:38,modem,33,0,3,0,2,0,34
2026-08-26 13:12:38,pppoe,34,0,27,0,7,0,32
2026-08-26 13:13:20,modem,33,0,2,0,2,0,34
2026-08-26 13:13:20,pppoe,39,0,3,0,2,0,33
2026-08-26 13:14:02,modem,32,0,2,0,2,0,34
2026-08-26 13:14:02,pppoe,34,0,3,0,2,0,33
2026-08-26 13:14:43,modem,33,0,2,0,2,0,33
2026-08-26 13:14:43,pppoe,33,0,3,0,2,0,33
2026-08-26 13:15:24,modem,33,0,2,0,2,0,33
2026-08-26 13:15:24,pppoe,34,0,3,0,2,0,33
2026-08-26 13:16:07,modem,33,0,3,0,2,0,34
2026-08-26 13:16:07,pppoe,34,0,3,0,2,0,33
2026-08-26 13:16:48,modem,33,0,3,0,2,0,33
2026-08-26 13:16:48,pppoe,34,0,3,0,2,0,33
2026-08-26 13:17:28,modem,32,0,3,0,2,0,34
2026-08-26 13:17:28,pppoe,33,0,3,0,2,0,33
2026-08-26 13:18:09,modem,33,0,2,0,2,0,33
2026-08-26 13:18:09,pppoe,34,0,3,0,2,0,34
2026-08-26 13:18:50,modem,33,0,2,0,2,0,33
2026-08-26 13:18:50,pppoe,34,0,3,0,2,0,33
2026-08-26 13:19:31,modem,33,0,3,0,2,0,34
2026-08-26 13:19:31,pppoe,33,0,4,0,2,0,32
2026-08-26 13:20:14,modem,33,0,3,0,2,0,34
2026-08-26 13:20:14,pppoe,34,0,3,0,2,0,33
2026-08-26 13:20:58,modem,32,20,3,0,2,0,35
2026-08-26 13:20:58,pppoe,33,0,3,0,2,0,33
2026-08-26 13:24:14,modem,33,0,3,0,2,0,33
2026-08-26 13:24:14,pppoe,47,0,8,0,2,0,34
2026-08-26 13:24:58,modem,33,0,3,0,2,0,33
2026-08-26 13:24:58,pppoe,40,0,3,0,2,0,34
2026-08-26 13:25:42,modem,33,0,3,0,2,0,33
2026-08-26 13:25:42,pppoe,34,0,3,0,2,0,33
2026-08-26 13:26:23,modem,33,0,2,0,2,0,33
2026-08-26 13:26:23,pppoe,34,0,3,0,2,0,33
2026-08-26 13:27:05,modem,33,0,2,0,2,0,33
2026-08-26 13:27:05,pppoe,33,0,4,0,2,0,33
2026-08-26 13:27:48,modem,33,0,2,0,2,0,34
2026-08-26 13:27:48,pppoe,34,0,3,0,2,0,33
2026-08-26 13:28:29,modem,33,0,2,0,2,0,33
2026-08-26 13:28:29,pppoe,40,0,14,0,2,0,33
2026-08-26 13:29:10,modem,33,0,2,0,2,0,34
2026-08-26 13:29:10,pppoe,33,0,3,0,2,0,33
2026-08-26 13:29:54,modem,33,0,2,0,2,0,34
2026-08-26 13:29:54,pppoe,33,0,3,0,2,0,34
2026-08-26 13:30:36,modem,33,0,3,0,2,0,33
2026-08-26 13:30:36,pppoe,34,0,3,0,2,0,36
2026-08-26 13:31:17,modem,33,0,2,0,2,0,33
2026-08-26 13:31:17,pppoe,34,0,4,0,2,0,34
2026-08-26 13:31:58,modem,33,0,2,0,2,0,34
2026-08-26 13:31:58,pppoe,34,0,3,0,2,0,33
2026-08-26 13:32:42,modem,33,0,2,0,2,0,33
2026-08-26 13:32:42,pppoe,33,0,3,0,2,0,34
2026-08-26 13:33:23,modem,33,0,3,0,2,0,34
2026-08-26 13:33:23,pppoe,34,0,3,0,2,0,34
2026-08-26 13:34:06,modem,33,0,2,0,2,0,34
2026-08-26 13:34:06,pppoe,34,0,3,0,2,0,35
2026-08-26 13:34:52,modem,34,0,3,0,2,0,34
2026-08-26 13:34:52,pppoe,33,0,3,0,3,0,34
2026-08-26 13:35:36,modem,33,0,2,0,2,0,33
2026-08-26 13:35:36,pppoe,33,0,3,0,2,0,33
2026-08-26 13:36:18,modem,33,0,2,0,2,0,33
2026-08-26 13:36:18,pppoe,34,0,3,0,2,0,33
2026-08-26 13:37:01,modem,33,0,2,0,2,0,33
2026-08-26 13:37:01,pppoe,34,0,3,0,3,0,33
2026-08-26 13:37:45,modem,33,0,3,0,2,0,34
2026-08-26 13:37:45,pppoe,34,0,3,0,3,0,33
2026-08-26 13:38:26,modem,33,0,2,0,3,0,33
2026-08-26 13:38:26,pppoe,34,0,3,0,3,0,33
2026-08-26 13:39:07,modem,33,0,3,0,2,0,34
2026-08-26 13:39:07,pppoe,35,0,4,0,2,0,33
2026-08-26 13:39:50,modem,33,0,3,0,2,0,34
2026-08-26 13:39:50,pppoe,36,0,3,0,2,0,33
2026-08-26 13:43:00,modem,-1,100,-1,100,-1,100,34
2026-08-26 13:43:00,pppoe,-1,100,-1,100,-1,100,-1
2026-08-26 13:49:46,modem,33,0,3,0,2,0,35
2026-08-26 13:49:46,pppoe,34,0,3,0,5,0,33
2026-08-26 13:50:29,modem,34,0,3,0,2,0,34
2026-08-26 13:50:29,pppoe,34,0,4,0,7,0,40
2026-08-26 13:51:10,modem,33,0,3,0,2,0,34
2026-08-26 13:51:10,pppoe,34,0,3,0,2,0,33
2026-08-26 13:51:51,modem,33,0,3,0,2,0,33
2026-08-26 13:51:51,pppoe,34,0,7,0,23,0,32
2026-08-26 13:52:32,modem,34,0,3,0,2,0,34
2026-08-26 13:52:32,pppoe,34,0,4,0,2,0,34
2026-08-26 13:53:13,modem,33,0,3,0,2,0,33
2026-08-26 13:53:13,pppoe,34,0,25,0,2,0,33
2026-08-26 13:53:55,modem,34,0,3,0,2,0,33
2026-08-26 13:53:55,pppoe,34,0,25,0,2,0,34
2026-08-26 13:54:39,modem,33,0,3,0,2,0,34
2026-08-26 13:54:39,pppoe,34,0,24,0,2,0,36
2026-08-26 13:55:20,modem,33,0,3,0,2,0,34
2026-08-26 13:55:20,pppoe,34,0,25,0,4,0,33
2026-08-26 13:56:04,modem,33,0,3,0,2,0,34
2026-08-26 13:56:04,pppoe,42,0,30,0,2,0,33
2026-08-26 13:56:46,modem,34,0,3,0,2,0,33
2026-08-26 13:56:46,pppoe,37,0,24,0,2,0,33
2026-08-26 13:57:29,modem,34,0,3,0,2,0,34
2026-08-26 13:57:29,pppoe,35,0,25,0,3,0,36
2026-08-26 13:58:13,modem,34,0,3,0,2,0,33
2026-08-26 13:58:13,pppoe,34,0,24,0,2,0,34
2026-08-26 13:58:53,modem,33,0,3,0,2,0,33
2026-08-26 13:58:53,pppoe,35,0,92,0,2,0,33
2026-08-26 14:02:13,modem,33,0,3,0,2,0,34
2026-08-26 14:02:13,pppoe,35,0,51,0,2,0,39
2026-08-26 14:02:54,modem,34,0,3,0,2,0,33
2026-08-26 14:02:54,pppoe,34,0,25,0,3,0,40
2026-08-26 14:03:36,modem,33,0,3,0,2,0,33
2026-08-26 14:03:36,pppoe,34,0,24,0,2,0,34
2026-08-26 14:04:21,modem,34,0,3,0,2,0,33
2026-08-26 14:04:21,pppoe,34,0,25,0,2,0,32
2026-08-26 14:05:04,modem,33,0,3,0,2,0,34
2026-08-26 14:05:04,pppoe,34,0,35,0,2,0,33
2026-08-26 14:05:45,modem,33,0,3,0,2,0,34
2026-08-26 14:05:45,pppoe,34,0,26,0,2,0,33
2026-08-26 14:06:29,modem,34,0,3,0,2,0,33
2026-08-26 14:06:29,pppoe,34,0,91,0,2,0,33
2026-08-26 14:09:48,modem,34,0,3,0,2,0,34
2026-08-26 14:09:48,pppoe,34,0,24,0,2,0,39
2026-08-26 14:10:30,modem,33,0,3,0,2,0,33
2026-08-26 14:10:30,pppoe,35,0,64,0,38,0,33
2026-08-26 14:11:14,modem,34,0,3,0,2,0,33
2026-08-26 14:11:14,pppoe,34,0,24,0,2,0,33
2026-08-26 14:11:56,modem,34,0,3,0,2,0,34
2026-08-26 14:11:56,pppoe,34,0,25,0,2,0,34
2026-08-26 14:12:37,modem,34,0,3,0,2,0,34
2026-08-26 14:12:37,pppoe,34,0,60,0,2,0,33
2026-08-26 14:15:56,modem,33,0,3,0,2,0,33
2026-08-26 14:15:56,pppoe,34,0,25,0,2,0,34
2026-08-26 14:16:37,modem,33,0,3,0,2,0,34
2026-08-26 14:16:37,pppoe,34,0,24,0,2,0,34
2026-08-26 14:17:18,modem,34,0,3,0,2,0,34
2026-08-26 14:17:18,pppoe,34,0,25,0,2,0,34
2026-08-26 14:18:03,modem,34,0,3,0,3,0,34
2026-08-26 14:18:03,pppoe,34,0,25,0,3,0,33
2026-08-26 14:18:44,modem,33,0,3,0,2,0,33
2026-08-26 14:18:44,pppoe,34,0,24,0,10,0,37
2026-08-26 14:19:28,modem,33,0,3,0,2,0,34
2026-08-26 14:19:28,pppoe,44,0,25,0,3,0,33
2026-08-26 14:20:12,modem,33,0,3,0,2,0,33
2026-08-26 14:20:12,pppoe,34,0,25,0,2,0,33
2026-08-26 14:20:53,modem,34,0,3,0,2,0,33
2026-08-26 14:20:53,pppoe,34,0,25,0,2,0,38
2026-08-26 14:21:37,modem,34,0,3,0,2,0,33
2026-08-26 14:21:37,pppoe,34,0,24,0,2,0,44
2026-08-26 14:22:18,modem,34,0,3,0,2,0,33
2026-08-26 14:22:18,pppoe,34,0,24,0,2,0,33
2026-08-26 14:22:59,modem,34,0,3,0,2,0,33
2026-08-26 14:22:59,pppoe,34,0,24,0,5,0,39
2026-08-26 14:23:40,modem,34,0,3,0,2,0,33
2026-08-26 14:23:40,pppoe,34,0,24,0,2,0,33
2026-08-26 14:24:22,modem,34,0,3,0,2,0,34
2026-08-26 14:24:22,pppoe,46,0,30,0,2,0,33
2026-08-26 14:25:03,modem,33,0,3,0,2,0,33
2026-08-26 14:25:03,pppoe,34,0,24,0,2,0,33
2026-08-26 14:25:44,modem,33,0,3,0,2,0,33
2026-08-26 14:25:44,pppoe,34,0,24,0,2,0,34
2026-08-26 14:26:27,modem,33,0,3,0,2,0,34
2026-08-26 14:26:27,pppoe,48,0,24,0,2,0,33
2026-08-26 14:27:07,modem,33,0,3,0,2,0,33
2026-08-26 14:27:07,pppoe,35,0,26,0,2,0,38
2026-08-26 14:27:48,modem,34,0,3,0,2,0,34
2026-08-26 14:27:48,pppoe,35,0,24,0,2,0,37
2026-08-26 14:28:32,modem,33,0,3,0,2,0,33
2026-08-26 14:28:32,pppoe,34,0,25,0,6,0,48
2026-08-26 14:29:13,modem,33,0,3,0,2,0,34
2026-08-26 14:29:13,pppoe,34,0,24,0,2,0,33
2026-08-26 14:30:00,modem,34,0,3,0,2,0,34
2026-08-26 14:30:00,pppoe,34,0,24,0,2,0,34
2026-08-26 14:30:44,modem,34,0,3,0,2,0,33
2026-08-26 14:30:44,pppoe,35,0,24,0,2,0,34
2026-08-26 14:31:27,modem,34,0,3,0,2,0,33
2026-08-26 14:31:27,pppoe,34,0,25,0,2,0,34
2026-08-26 14:32:10,modem,33,0,3,0,2,0,33
2026-08-26 14:32:10,pppoe,34,0,25,0,3,0,34
2026-08-26 14:32:51,modem,34,0,3,0,2,0,33
2026-08-26 14:32:51,pppoe,34,0,25,0,2,0,34
2026-08-26 14:33:32,modem,34,0,3,0,2,0,33
2026-08-26 14:33:32,pppoe,35,0,24,0,3,0,39
2026-08-26 14:34:13,modem,34,0,3,0,2,0,34
2026-08-26 14:34:13,pppoe,34,0,25,0,2,0,33
2026-08-26 14:34:54,modem,33,0,3,0,2,0,33
2026-08-26 14:34:54,pppoe,34,0,25,0,2,0,33
2026-08-26 14:35:37,modem,34,0,3,0,2,0,33
2026-08-26 14:35:37,pppoe,34,0,25,0,9,0,40
2026-08-26 14:36:18,modem,34,0,3,0,2,0,34
2026-08-26 14:36:18,pppoe,34,0,25,0,3,0,33
2026-08-26 14:36:59,modem,33,0,3,0,2,0,33
2026-08-26 14:36:59,pppoe,34,0,24,0,2,0,34
2026-08-26 14:37:41,modem,34,0,3,0,2,0,33
2026-08-26 14:37:41,pppoe,34,0,25,0,2,0,34
2026-08-26 14:38:23,modem,33,0,3,0,2,0,33
2026-08-26 14:38:23,pppoe,34,0,25,0,2,0,35
2026-08-26 14:39:06,modem,34,0,3,0,2,0,34
2026-08-26 14:39:06,pppoe,34,0,24,0,2,0,34
2026-08-26 14:39:51,modem,33,0,3,0,2,0,33
2026-08-26 14:39:51,pppoe,34,0,24,0,2,0,33
2026-08-26 14:40:34,modem,33,0,3,0,2,0,34
2026-08-26 14:40:34,pppoe,34,0,24,0,2,0,34
2026-08-26 14:41:15,modem,33,0,3,0,2,0,34
2026-08-26 14:41:15,pppoe,34,0,24,0,2,0,34
2026-08-26 14:41:57,modem,34,0,3,0,2,0,33
2026-08-26 14:41:57,pppoe,35,0,25,0,2,0,34
2026-08-26 14:42:41,modem,34,0,3,0,2,0,33
2026-08-26 14:42:41,pppoe,34,0,24,0,2,0,33
2026-08-26 14:43:25,modem,34,0,3,0,2,0,34
2026-08-26 14:43:25,pppoe,34,0,25,0,2,0,41
2026-08-26 14:44:09,modem,33,0,3,0,2,0,33
2026-08-26 14:44:09,pppoe,34,0,24,0,2,0,33
2026-08-26 14:44:50,modem,33,0,3,0,2,0,33
2026-08-26 14:44:50,pppoe,34,0,24,0,2,0,33
2026-08-26 14:45:32,modem,33,0,3,0,2,0,33
2026-08-26 14:45:32,pppoe,35,0,24,0,2,0,32
2026-08-26 14:46:17,modem,34,0,3,0,3,0,33
2026-08-26 14:46:17,pppoe,34,0,24,0,2,0,33
2026-08-26 14:46:58,modem,33,0,3,0,2,0,33
2026-08-26 14:46:58,pppoe,34,0,24,0,3,0,35
2026-08-26 14:47:42,modem,34,0,3,0,2,0,34
2026-08-26 14:47:42,pppoe,34,20,24,0,2,0,34
2026-08-26 14:51:05,modem,33,0,3,0,2,0,34
2026-08-26 14:51:05,pppoe,34,0,24,0,2,0,34
2026-08-26 14:51:49,modem,34,0,3,0,2,0,33
2026-08-26 14:51:49,pppoe,34,0,25,0,2,0,33
2026-08-26 14:52:31,modem,34,0,3,0,3,0,33
2026-08-26 14:52:31,pppoe,34,0,25,0,3,0,34
2026-08-26 14:53:12,modem,34,0,3,0,2,0,34
2026-08-26 14:53:12,pppoe,34,0,24,0,2,0,33
2026-08-26 14:53:53,modem,34,0,3,0,2,0,34
2026-08-26 14:53:53,pppoe,34,0,25,0,2,0,39
2026-08-26 14:54:34,modem,34,0,3,0,2,0,33
2026-08-26 14:54:34,pppoe,40,0,25,0,2,0,34
2026-08-26 14:55:15,modem,33,0,3,0,2,0,33
2026-08-26 14:55:15,pppoe,35,0,48,0,2,0,37
2026-08-26 14:55:58,modem,34,0,3,0,2,0,34
2026-08-26 14:55:58,pppoe,34,0,59,0,2,0,33
2026-08-26 14:59:14,modem,34,0,3,0,2,0,34
2026-08-26 14:59:14,pppoe,34,0,26,0,2,0,33
2026-08-26 14:59:55,modem,34,0,3,0,2,0,33
2026-08-26 14:59:55,pppoe,34,0,24,0,3,0,32
2026-08-26 15:00:39,modem,33,0,3,0,2,0,33
2026-08-26 15:00:39,pppoe,34,0,25,0,10,0,41
2026-08-26 15:01:22,modem,34,0,3,0,2,0,34
2026-08-26 15:01:22,pppoe,43,0,24,0,2,0,34
2026-08-26 15:02:05,modem,34,0,3,0,3,0,34
2026-08-26 15:02:05,pppoe,34,0,25,0,2,0,33
2026-08-26 15:02:46,modem,34,0,3,0,2,0,33
2026-08-26 15:02:46,pppoe,34,0,24,0,2,0,33
2026-08-26 15:03:30,modem,34,0,3,0,2,0,34
2026-08-26 15:03:30,pppoe,34,0,24,0,2,0,34
2026-08-26 15:04:14,modem,34,0,3,0,2,0,33
2026-08-26 15:04:14,pppoe,34,0,24,0,2,0,33
2026-08-26 15:04:55,modem,33,0,3,0,2,0,33
2026-08-26 15:04:55,pppoe,34,0,25,0,2,0,34
2026-08-26 15:05:42,modem,34,0,3,0,2,0,34
2026-08-26 15:05:42,pppoe,34,0,24,0,15,0,43
2026-08-26 15:06:26,modem,34,0,3,0,2,0,34
2026-08-26 15:06:26,pppoe,34,0,25,0,2,0,34
2026-08-26 15:07:10,modem,34,0,3,0,2,0,34
2026-08-26 15:07:10,pppoe,35,0,25,0,2,0,37
2026-08-26 15:07:54,modem,33,0,3,0,2,0,33
2026-08-26 15:07:54,pppoe,34,0,25,0,3,0,33
2026-08-26 15:08:35,modem,34,0,3,0,2,0,34
2026-08-26 15:08:35,pppoe,34,0,25,0,7,0,44
2026-08-26 15:09:17,modem,34,0,3,0,2,0,34
2026-08-26 15:09:17,pppoe,34,0,33,0,25,0,33
2026-08-26 15:10:01,modem,34,0,3,0,2,0,34
2026-08-26 15:10:01,pppoe,34,0,24,0,2,0,34
2026-08-26 15:10:42,modem,34,0,3,0,2,0,33
2026-08-26 15:10:42,pppoe,34,0,25,0,2,0,33
2026-08-26 15:11:23,modem,33,0,3,0,2,0,34
2026-08-26 15:11:23,pppoe,34,0,24,0,2,0,34
2026-08-26 15:12:07,modem,34,0,3,0,2,0,33
2026-08-26 15:12:07,pppoe,34,0,25,0,2,0,42
2026-08-26 15:12:48,modem,34,0,3,0,3,0,33
2026-08-26 15:12:48,pppoe,34,0,25,0,2,0,33
2026-08-26 15:13:32,modem,34,0,3,0,2,0,34
2026-08-26 15:13:32,pppoe,34,0,24,0,3,0,33
2026-08-26 15:14:14,modem,34,0,3,0,2,0,34
2026-08-26 15:14:14,pppoe,34,0,24,0,2,0,35
2026-08-26 15:14:56,modem,34,0,3,0,2,0,34
2026-08-26 15:14:56,pppoe,34,0,24,0,2,0,34
2026-08-26 15:15:39,modem,34,0,3,0,2,0,33
2026-08-26 15:15:39,pppoe,34,0,25,0,2,0,34
2026-08-26 15:16:21,modem,34,0,3,0,2,0,33
2026-08-26 15:16:21,pppoe,34,0,26,0,19,0,33
2026-08-26 15:17:04,modem,33,0,3,0,2,0,33
2026-08-26 15:17:04,pppoe,34,0,24,0,2,0,33
2026-08-26 15:17:46,modem,34,0,3,0,2,0,34
2026-08-26 15:17:46,pppoe,34,0,25,0,3,0,34
2026-08-26 15:18:30,modem,34,0,4,0,2,0,33
2026-08-26 15:18:30,pppoe,34,0,25,0,2,0,33
2026-08-26 15:19:12,modem,33,0,3,0,2,0,34
2026-08-26 15:19:12,pppoe,50,0,25,0,2,0,33
2026-08-26 15:19:56,modem,34,0,3,0,2,0,34
2026-08-26 15:19:56,pppoe,34,0,24,0,2,0,34
2026-08-26 15:20:39,modem,34,0,3,0,2,0,34
2026-08-26 15:20:39,pppoe,34,0,25,0,2,0,39
2026-08-26 15:21:23,modem,33,0,3,0,2,0,34
2026-08-26 15:21:23,pppoe,36,0,25,0,2,0,33
2026-08-26 15:22:07,modem,34,0,3,0,2,0,34
2026-08-26 15:22:07,pppoe,37,0,49,0,3,0,33
2026-08-26 15:22:49,modem,34,0,3,0,3,0,33
2026-08-26 15:22:49,pppoe,38,0,25,0,2,0,35
2026-08-26 15:23:33,modem,34,0,3,0,2,0,34
2026-08-26 15:23:33,pppoe,35,0,24,0,2,0,34
2026-08-26 15:24:18,modem,33,0,3,0,3,0,33
2026-08-26 15:24:18,pppoe,34,0,25,0,2,0,33
2026-08-26 15:25:04,modem,34,0,3,0,2,0,33
2026-08-26 15:25:04,pppoe,34,0,31,0,17,0,34
2026-08-26 15:25:49,modem,33,0,3,0,2,0,33
2026-08-26 15:25:49,pppoe,34,0,25,0,2,0,33
2026-08-26 15:26:33,modem,34,0,3,0,2,0,34
2026-08-26 15:26:33,pppoe,34,0,24,0,2,0,34
2026-08-26 15:27:15,modem,34,0,3,0,2,0,33
2026-08-26 15:27:15,pppoe,34,0,24,0,2,0,34
2026-08-26 15:27:56,modem,34,0,3,0,2,0,34
2026-08-26 15:27:56,pppoe,34,0,25,0,2,0,34
2026-08-26 15:28:37,modem,34,0,3,0,2,0,33
2026-08-26 15:28:37,pppoe,34,0,24,0,7,0,40
2026-08-26 15:29:20,modem,34,0,3,0,2,0,34
2026-08-26 15:29:20,pppoe,35,0,25,0,2,0,33
2026-08-26 15:30:02,modem,34,0,3,0,3,0,33
2026-08-26 15:30:02,pppoe,40,0,37,0,2,0,33
2026-08-26 15:30:43,modem,34,0,3,0,2,0,33
2026-08-26 15:30:43,pppoe,35,0,29,0,2,0,33
2026-08-26 15:31:27,modem,34,0,3,0,2,0,34
2026-08-26 15:31:27,pppoe,35,0,24,0,2,0,34
2026-08-26 15:32:11,modem,34,0,3,0,2,0,33
2026-08-26 15:32:11,pppoe,35,0,25,0,2,0,33
2026-08-26 15:32:55,modem,34,0,3,0,2,0,33
2026-08-26 15:32:55,pppoe,45,0,33,0,2,0,34
2026-08-26 15:33:37,modem,34,0,3,0,2,0,34
2026-08-26 15:33:37,pppoe,34,0,25,0,2,0,33
2026-08-26 15:34:21,modem,33,0,3,0,2,0,33
2026-08-26 15:34:21,pppoe,34,0,24,0,3,0,36
2026-08-26 15:35:02,modem,34,0,3,0,3,0,34
2026-08-26 15:35:02,pppoe,45,0,25,0,2,0,33
2026-08-26 15:35:46,modem,34,0,3,0,2,0,34
2026-08-26 15:35:46,pppoe,51,0,25,0,2,0,33
2026-08-26 15:36:27,modem,34,0,3,0,2,0,34
2026-08-26 15:36:27,pppoe,34,0,24,0,2,0,33
2026-08-26 15:37:11,modem,34,0,3,0,2,0,33
2026-08-26 15:37:11,pppoe,34,0,25,0,2,0,34
2026-08-26 15:37:53,modem,34,0,3,0,2,0,34
2026-08-26 15:37:53,pppoe,35,0,32,0,16,0,34
2026-08-26 15:38:35,modem,34,0,3,0,2,0,33
2026-08-26 15:38:35,pppoe,34,0,25,0,2,0,33
2026-08-26 15:39:25,modem,34,0,3,0,2,0,33
2026-08-26 15:39:25,pppoe,34,0,25,0,3,0,36
2026-08-26 15:40:11,modem,34,0,3,0,2,0,34
2026-08-26 15:40:11,pppoe,34,0,25,0,2,0,39
2026-08-26 15:40:53,modem,33,0,3,0,2,0,33
2026-08-26 15:40:53,pppoe,34,0,24,0,2,0,34
2026-08-26 15:41:35,modem,34,0,3,0,2,0,34
2026-08-26 15:41:35,pppoe,34,0,25,0,3,0,33
2026-08-26 15:42:18,modem,34,0,3,0,2,0,34
2026-08-26 15:42:18,pppoe,35,0,32,0,8,0,34
2026-08-26 15:42:59,modem,34,0,3,0,2,0,34
2026-08-26 15:42:59,pppoe,34,0,25,0,2,0,33
2026-08-26 15:43:44,modem,33,0,3,0,2,0,32
2026-08-26 15:43:44,pppoe,34,0,25,0,2,0,34
2026-08-26 15:44:25,modem,34,0,3,0,2,0,33
2026-08-26 15:44:25,pppoe,34,0,25,0,2,0,34
2026-08-26 15:45:09,modem,33,0,3,0,2,0,33
2026-08-26 15:45:09,pppoe,34,0,25,0,2,0,33
2026-08-26 15:45:50,modem,33,0,3,0,2,0,33
2026-08-26 15:45:50,pppoe,34,0,24,0,2,0,33
2026-08-26 15:46:35,modem,34,0,3,0,2,0,33
2026-08-26 15:46:35,pppoe,34,0,25,0,3,0,34
2026-08-26 15:47:18,modem,34,0,3,0,2,0,33
2026-08-26 15:47:18,pppoe,34,0,25,0,2,0,40
2026-08-26 15:47:59,modem,34,0,3,0,2,0,34
2026-08-26 15:47:59,pppoe,35,0,25,0,2,0,34
2026-08-26 15:48:43,modem,33,0,3,0,2,0,33
2026-08-26 15:48:43,pppoe,34,0,25,0,2,0,33
2026-08-26 15:49:26,modem,33,0,3,0,2,0,33
2026-08-26 15:49:26,pppoe,34,0,26,0,2,0,34
2026-08-26 15:50:09,modem,33,0,3,0,2,0,34
2026-08-26 15:50:09,pppoe,34,0,25,0,12,0,40
2026-08-26 15:50:51,modem,34,0,3,0,2,0,34
2026-08-26 15:50:51,pppoe,34,0,24,0,20,0,40
2026-08-26 15:51:32,modem,33,0,3,0,2,0,34
2026-08-26 15:51:32,pppoe,34,0,25,0,3,0,34
2026-08-26 15:52:15,modem,33,0,3,0,2,0,33
2026-08-26 15:52:15,pppoe,34,0,25,0,2,0,33
2026-08-26 15:52:56,modem,34,0,3,0,2,0,34
2026-08-26 15:52:56,pppoe,34,0,26,0,2,0,34
2026-08-26 15:53:37,modem,34,0,3,0,2,0,33
2026-08-26 15:53:37,pppoe,34,0,25,0,2,0,33
2026-08-26 15:54:19,modem,33,0,3,0,2,0,33
2026-08-26 15:54:19,pppoe,34,0,25,0,2,0,35
2026-08-26 15:55:03,modem,34,0,3,0,2,0,34
2026-08-26 15:55:03,pppoe,34,0,24,0,2,0,34
2026-08-26 15:55:48,modem,34,0,3,0,2,0,33
2026-08-26 15:55:48,pppoe,34,0,24,0,2,0,34
2026-08-26 15:56:32,modem,33,0,3,0,2,0,33
2026-08-26 15:56:32,pppoe,34,0,25,0,2,0,34
2026-08-26 15:57:16,modem,33,0,3,0,3,0,34
2026-08-26 15:57:16,pppoe,34,0,25,0,2,0,33
2026-08-26 15:58:00,modem,34,0,3,0,2,0,34
2026-08-26 15:58:00,pppoe,36,0,25,0,2,0,34
2026-08-26 15:58:42,modem,33,0,3,0,2,0,33
2026-08-26 15:58:42,pppoe,34,0,25,0,3,0,34
2026-08-26 15:59:29,modem,33,0,3,0,2,0,33
2026-08-26 15:59:29,pppoe,35,0,24,0,2,0,33
2026-08-26 16:00:13,modem,33,0,3,0,2,0,33
2026-08-26 16:00:13,pppoe,34,0,24,0,2,0,34
2026-08-26 16:00:57,modem,34,0,3,0,3,0,34
2026-08-26 16:00:57,pppoe,34,0,25,0,2,0,34
2026-08-26 16:01:38,modem,34,0,3,0,2,0,34
2026-08-26 16:01:38,pppoe,34,0,25,0,2,0,33
2026-08-26 16:02:22,modem,33,0,3,0,2,0,34
2026-08-26 16:02:22,pppoe,47,0,25,0,2,0,33
2026-08-26 16:03:03,modem,34,0,3,0,2,0,33
2026-08-26 16:03:03,pppoe,34,0,24,0,2,0,34
2026-08-26 16:03:45,modem,34,0,3,0,2,0,34
2026-08-26 16:03:45,pppoe,34,0,25,0,2,0,34
2026-08-26 16:04:26,modem,33,0,3,0,2,0,33
2026-08-26 16:04:26,pppoe,34,0,25,0,2,0,33
2026-08-26 16:05:07,modem,33,0,3,0,2,0,34
2026-08-26 16:05:07,pppoe,35,0,24,0,2,0,34
2026-08-26 16:05:48,modem,34,0,3,0,2,0,33
2026-08-26 16:05:48,pppoe,34,0,24,0,7,0,40
2026-08-26 16:06:30,modem,33,0,3,0,2,0,33
2026-08-26 16:06:30,pppoe,35,0,35,0,11,0,33
2026-08-26 16:07:14,modem,33,0,3,0,2,0,34
2026-08-26 16:07:14,pppoe,34,0,24,0,2,0,34
2026-08-26 16:07:57,modem,33,0,3,0,2,0,33
2026-08-26 16:07:57,pppoe,34,0,24,0,3,0,34
2026-08-26 16:08:39,modem,34,0,3,0,2,0,33
2026-08-26 16:08:39,pppoe,34,0,26,0,21,0,33
2026-08-26 16:09:23,modem,34,0,3,0,3,0,33
2026-08-26 16:09:23,pppoe,34,0,24,0,3,0,34
2026-08-26 16:10:06,modem,34,0,3,0,2,0,34
2026-08-26 16:10:06,pppoe,34,0,24,0,3,0,33
2026-08-26 16:10:48,modem,34,0,3,0,2,0,33
2026-08-26 16:10:48,pppoe,34,0,25,0,2,0,36
2026-08-26 16:11:32,modem,33,0,3,0,2,0,33
2026-08-26 16:11:32,pppoe,34,0,25,0,2,0,34
2026-08-26 16:12:14,modem,34,0,3,0,2,0,33
2026-08-26 16:12:14,pppoe,48,0,32,0,3,0,34
2026-08-26 16:12:57,modem,34,0,3,0,2,0,33
2026-08-26 16:12:57,pppoe,34,0,25,0,2,0,34
2026-08-26 16:13:39,modem,34,0,3,0,2,0,34
2026-08-26 16:13:39,pppoe,34,0,25,0,2,0,34
2026-08-26 16:14:23,modem,33,0,3,0,2,0,33
2026-08-26 16:14:23,pppoe,35,0,24,0,2,0,34
2026-08-26 16:15:10,modem,34,0,3,0,2,0,34
2026-08-26 16:15:10,pppoe,34,0,25,0,2,0,35
2026-08-26 16:15:54,modem,34,0,3,0,2,0,34
2026-08-26 16:15:54,pppoe,34,0,24,0,2,0,34
2026-08-26 16:16:35,modem,34,0,3,0,2,0,33
2026-08-26 16:16:35,pppoe,34,0,25,0,2,0,39
2026-08-26 16:17:16,modem,34,0,3,0,2,0,34
2026-08-26 16:17:16,pppoe,35,0,24,0,2,0,33
2026-08-26 16:17:59,modem,34,0,3,0,2,0,33
2026-08-26 16:17:59,pppoe,34,0,40,0,7,0,34
2026-08-26 16:18:40,modem,34,0,3,0,2,0,33
2026-08-26 16:18:40,pppoe,43,0,32,0,2,0,34
2026-08-26 16:19:21,modem,34,0,3,0,2,0,33
2026-08-26 16:19:21,pppoe,39,0,24,0,2,0,34
2026-08-26 16:20:04,modem,34,0,3,0,2,0,33
2026-08-26 16:20:04,pppoe,34,0,25,0,2,0,34
2026-08-26 16:20:48,modem,33,0,3,0,2,0,34
2026-08-26 16:20:48,pppoe,34,0,25,0,2,0,34
2026-08-26 16:21:32,modem,33,0,3,0,2,0,34
2026-08-26 16:21:32,pppoe,34,0,25,0,3,0,34
2026-08-26 16:22:17,modem,33,0,3,0,2,0,34
2026-08-26 16:22:17,pppoe,35,0,25,0,2,0,34
2026-08-26 16:23:01,modem,34,0,3,0,2,0,32
2026-08-26 16:23:01,pppoe,34,0,24,0,2,0,33
2026-08-26 16:23:45,modem,34,0,3,0,2,0,34
2026-08-26 16:23:45,pppoe,37,0,24,0,3,0,33
2026-08-26 16:24:27,modem,34,0,3,0,2,0,34
2026-08-26 16:24:27,pppoe,34,0,24,0,2,0,33
2026-08-26 16:25:11,modem,34,0,3,0,2,0,34
2026-08-26 16:25:11,pppoe,34,0,42,0,6,0,34
2026-08-26 16:25:53,modem,34,0,3,0,2,0,33
2026-08-26 16:25:53,pppoe,35,0,24,0,2,0,35
2026-08-26 16:26:36,modem,34,0,3,0,2,0,34
2026-08-26 16:26:36,pppoe,34,0,25,0,4,0,34
2026-08-26 16:27:18,modem,34,0,3,0,2,0,34
2026-08-26 16:27:18,pppoe,34,0,25,0,2,0,34
2026-08-26 16:27:59,modem,34,0,3,0,2,0,33
2026-08-26 16:27:59,pppoe,34,0,25,0,2,0,37
2026-08-26 16:28:43,modem,33,0,3,0,2,0,33
2026-08-26 16:28:43,pppoe,34,0,25,0,2,0,34
2026-08-26 16:29:26,modem,34,0,3,0,2,0,33
2026-08-26 16:29:26,pppoe,34,0,30,0,21,0,34
2026-08-26 16:30:08,modem,34,0,3,0,2,0,33
2026-08-26 16:30:08,pppoe,34,0,24,0,2,0,33
2026-08-26 16:30:52,modem,34,0,3,0,2,0,34
2026-08-26 16:30:52,pppoe,34,0,24,0,2,0,34
2026-08-26 16:31:37,modem,34,0,3,0,2,0,33
2026-08-26 16:31:37,pppoe,34,0,34,0,8,0,34
2026-08-26 16:32:20,modem,34,0,3,0,2,0,33
2026-08-26 16:32:20,pppoe,34,0,24,0,2,0,38
2026-08-26 16:33:05,modem,33,0,3,0,3,0,33
2026-08-26 16:33:05,pppoe,34,0,24,0,3,0,34
2026-08-26 16:33:49,modem,34,0,3,0,2,0,34
2026-08-26 16:33:49,pppoe,34,0,24,0,3,0,33
2026-08-26 16:34:31,modem,34,0,3,0,2,0,34
2026-08-26 16:34:31,pppoe,34,0,25,0,2,0,37
2026-08-26 16:35:14,modem,34,0,3,0,2,0,33
2026-08-26 16:35:14,pppoe,34,0,24,0,3,0,33
2026-08-26 16:35:58,modem,34,0,3,0,2,0,34
2026-08-26 16:35:58,pppoe,35,0,24,0,2,0,34
2026-08-26 16:36:40,modem,34,0,3,0,2,0,33
2026-08-26 16:36:40,pppoe,44,0,30,0,2,0,34
2026-08-26 16:37:24,modem,33,0,3,0,2,0,32
2026-08-26 16:37:24,pppoe,34,0,25,0,3,0,33
2026-08-26 16:38:05,modem,34,0,3,0,2,0,33
2026-08-26 16:38:05,pppoe,34,0,24,0,2,0,33
2026-08-26 16:38:46,modem,34,0,3,0,2,0,33
2026-08-26 16:38:46,pppoe,34,0,24,0,2,0,33
2026-08-26 16:39:30,modem,33,0,3,0,2,0,33
2026-08-26 16:39:30,pppoe,34,0,25,0,3,0,34
2026-08-26 16:40:12,modem,34,0,3,0,2,0,34
2026-08-26 16:40:12,pppoe,34,0,24,0,2,0,34
2026-08-26 16:40:53,modem,33,0,3,0,2,0,33
2026-08-26 16:40:53,pppoe,34,0,25,0,2,0,34
2026-08-26 16:41:37,modem,33,0,3,0,2,0,33
2026-08-26 16:41:37,pppoe,35,0,24,0,2,0,38
2026-08-26 16:42:21,modem,34,0,3,0,2,0,33
2026-08-26 16:42:21,pppoe,35,0,25,0,2,0,34
2026-08-26 16:43:05,modem,33,0,3,0,2,0,33
2026-08-26 16:43:05,pppoe,35,0,24,0,2,0,34
2026-08-26 16:43:46,modem,33,0,3,0,2,0,34
2026-08-26 16:43:46,pppoe,34,0,24,0,2,0,34
2026-08-26 16:44:29,modem,33,0,3,0,2,0,34
2026-08-26 16:44:29,pppoe,34,0,25,0,2,0,33
2026-08-26 16:45:10,modem,33,0,3,0,2,0,33
2026-08-26 16:45:10,pppoe,35,0,25,0,3,0,33
2026-08-26 16:45:54,modem,33,0,3,0,2,0,33
2026-08-26 16:45:54,pppoe,34,0,24,0,2,0,33
2026-08-26 16:46:38,modem,34,0,3,0,2,0,34
2026-08-26 16:46:38,pppoe,34,0,24,0,2,0,34
2026-08-26 16:47:21,modem,34,0,3,0,2,0,34
2026-08-26 16:47:21,pppoe,34,0,25,0,3,0,40
2026-08-26 16:48:03,modem,34,0,3,0,2,0,33
2026-08-26 16:48:03,pppoe,34,0,25,0,2,0,33
2026-08-26 16:48:47,modem,34,0,3,0,2,0,34
2026-08-26 16:48:47,pppoe,34,0,25,0,2,0,34
2026-08-26 16:49:29,modem,34,0,3,0,2,0,33
2026-08-26 16:49:29,pppoe,34,0,25,0,2,0,36
2026-08-26 16:50:15,modem,34,0,3,0,3,0,33
2026-08-26 16:50:15,pppoe,34,0,24,0,2,0,34
2026-08-26 16:50:59,modem,34,0,3,0,2,0,34
2026-08-26 16:50:59,pppoe,34,0,25,0,2,0,33
2026-08-26 16:51:42,modem,33,0,3,0,2,0,33
2026-08-26 16:51:42,pppoe,34,0,24,0,2,0,34
2026-08-26 16:52:23,modem,33,0,3,0,2,0,33
2026-08-26 16:52:23,pppoe,34,0,25,0,2,0,33
2026-08-26 16:53:06,modem,34,0,3,0,2,0,33
2026-08-26 16:53:06,pppoe,34,0,24,0,2,0,33
2026-08-26 16:53:48,modem,33,0,3,0,2,0,33
2026-08-26 16:53:48,pppoe,34,0,24,0,2,0,33
2026-08-26 16:54:34,modem,34,0,3,0,2,0,33
2026-08-26 16:54:34,pppoe,40,0,33,0,2,0,44
2026-08-26 16:55:16,modem,33,0,3,0,2,0,33
2026-08-26 16:55:16,pppoe,34,0,25,0,2,0,34
2026-08-26 16:55:59,modem,34,0,3,0,2,0,33
2026-08-26 16:55:59,pppoe,34,0,25,0,18,0,36
2026-08-26 16:56:41,modem,33,0,3,0,2,0,34
2026-08-26 16:56:41,pppoe,34,0,24,0,2,0,33
2026-08-26 16:57:23,modem,34,0,3,0,2,0,34
2026-08-26 16:57:23,pppoe,34,0,24,0,2,0,34
2026-08-26 16:58:10,modem,34,0,3,0,2,0,33
2026-08-26 16:58:10,pppoe,34,0,25,0,3,0,34
2026-08-26 16:58:53,modem,34,0,3,0,2,0,33
2026-08-26 16:58:53,pppoe,35,0,33,0,4,0,34
2026-08-26 16:59:34,modem,34,0,3,0,2,0,33
2026-08-26 16:59:34,pppoe,37,0,25,0,2,0,34
2026-08-26 17:00:17,modem,34,0,3,0,2,0,33
2026-08-26 17:00:17,pppoe,34,0,25,0,3,0,33
2026-08-26 17:00:58,modem,33,0,3,0,2,0,34
2026-08-26 17:00:58,pppoe,34,0,25,0,3,0,42
2026-08-26 17:01:39,modem,33,0,3,0,2,0,34
2026-08-26 17:01:39,pppoe,34,0,24,0,2,0,33
2026-08-26 17:02:25,modem,34,0,3,0,2,0,34
2026-08-26 17:02:25,pppoe,34,0,25,0,2,0,34
2026-08-26 17:03:07,modem,34,0,3,0,2,0,34
2026-08-26 17:03:07,pppoe,37,0,41,0,2,0,33
2026-08-26 17:03:50,modem,34,0,3,0,2,0,33
2026-08-26 17:03:50,pppoe,34,0,24,0,2,0,34
2026-08-26 17:04:36,modem,33,0,3,0,2,0,33
2026-08-26 17:04:36,pppoe,34,0,25,0,2,0,34
2026-08-26 17:05:22,modem,33,0,3,0,2,0,34
2026-08-26 17:05:22,pppoe,34,0,24,0,3,0,40
2026-08-26 17:06:04,modem,33,0,3,0,2,0,33
2026-08-26 17:06:04,pppoe,34,0,28,0,12,0,33
2026-08-26 17:06:47,modem,33,0,3,0,2,0,34
2026-08-26 17:06:47,pppoe,34,0,24,0,2,0,34
2026-08-26 17:07:32,modem,34,0,3,0,2,0,34
2026-08-26 17:07:32,pppoe,34,0,24,0,3,0,38
2026-08-26 17:08:13,modem,34,0,3,0,2,0,34
2026-08-26 17:08:13,pppoe,35,0,24,0,2,0,34
2026-08-26 17:08:54,modem,34,0,3,0,3,0,33
2026-08-26 17:08:54,pppoe,34,0,24,0,2,0,34
2026-08-26 17:09:38,modem,34,0,3,0,2,0,34
2026-08-26 17:09:38,pppoe,34,0,24,0,2,0,34
2026-08-26 17:10:19,modem,34,0,3,0,2,0,34
2026-08-26 17:10:19,pppoe,46,0,29,0,2,0,34
2026-08-26 17:11:04,modem,34,0,3,0,2,0,33
2026-08-26 17:11:04,pppoe,34,0,24,0,2,0,40
2026-08-26 17:11:45,modem,34,0,3,0,2,0,33
2026-08-26 17:11:45,pppoe,34,0,25,0,3,0,40
2026-08-26 17:12:28,modem,33,0,3,0,2,0,33
2026-08-26 17:12:28,pppoe,34,0,25,0,2,0,33
2026-08-26 17:13:10,modem,34,0,3,0,2,0,34
2026-08-26 17:13:10,pppoe,34,0,25,0,3,0,34
2026-08-26 17:13:52,modem,34,0,3,0,2,0,34
2026-08-26 17:13:52,pppoe,34,0,25,0,2,0,33
2026-08-26 17:14:39,modem,34,0,3,0,2,0,33
2026-08-26 17:14:39,pppoe,34,0,25,0,2,0,34
2026-08-26 17:15:23,modem,33,0,3,0,2,0,33
2026-08-26 17:15:23,pppoe,34,0,25,0,2,0,34
2026-08-26 17:16:05,modem,33,0,3,0,2,0,34
2026-08-26 17:16:05,pppoe,34,0,25,0,2,0,33
2026-08-26 17:16:49,modem,33,0,3,0,2,0,33
2026-08-26 17:16:49,pppoe,34,0,24,0,2,0,34
2026-08-26 17:17:35,modem,34,0,3,0,2,0,34
2026-08-26 17:17:35,pppoe,35,0,25,0,3,0,33
2026-08-26 17:18:19,modem,34,0,3,0,2,0,34
2026-08-26 17:18:19,pppoe,35,0,24,0,2,0,34
2026-08-26 17:19:01,modem,34,0,3,0,2,0,34
2026-08-26 17:19:01,pppoe,34,0,24,0,2,0,37
2026-08-26 17:19:42,modem,33,0,3,0,2,0,34
2026-08-26 17:19:42,pppoe,35,0,25,0,2,0,33
2026-08-26 17:20:27,modem,33,0,3,0,2,0,34
2026-08-26 17:20:27,pppoe,39,0,24,0,2,0,35
2026-08-26 17:21:13,modem,34,0,3,0,2,0,34
2026-08-26 17:21:13,pppoe,34,0,25,0,2,0,33
2026-08-26 17:21:57,modem,34,0,3,0,2,0,33
2026-08-26 17:21:57,pppoe,35,0,24,0,2,0,33
2026-08-26 17:22:40,modem,34,0,3,0,3,0,34
2026-08-26 17:22:40,pppoe,34,0,24,0,2,0,33
2026-08-26 17:23:23,modem,34,0,3,0,2,0,33
2026-08-26 17:23:23,pppoe,35,0,24,0,2,0,34
2026-08-26 17:24:05,modem,33,0,3,0,2,0,34
2026-08-26 17:24:05,pppoe,34,0,25,0,19,0,37
2026-08-26 17:24:49,modem,33,0,3,0,2,0,34
2026-08-26 17:24:49,pppoe,35,0,24,0,3,0,38
2026-08-26 17:25:32,modem,33,0,3,0,2,0,34
2026-08-26 17:25:32,pppoe,34,0,25,0,3,0,33
2026-08-26 17:26:13,modem,34,0,3,0,2,0,33
2026-08-26 17:26:13,pppoe,34,0,24,0,2,0,33
2026-08-26 17:26:58,modem,34,0,3,0,3,0,34
2026-08-26 17:26:58,pppoe,34,0,24,0,2,0,33
2026-08-26 17:27:43,modem,33,0,3,0,2,0,33
2026-08-26 17:27:43,pppoe,34,0,24,0,2,0,42
2026-08-26 17:28:30,modem,33,0,3,0,2,0,34
2026-08-26 17:28:30,pppoe,38,0,45,0,2,0,33
2026-08-26 17:29:14,modem,34,0,3,0,2,0,34
2026-08-26 17:29:14,pppoe,34,0,25,0,2,0,33
2026-08-26 17:29:58,modem,33,0,3,0,2,0,34
2026-08-26 17:29:58,pppoe,49,0,27,0,2,0,33
2026-08-26 17:30:42,modem,33,0,3,0,2,0,34
2026-08-26 17:30:42,pppoe,34,0,25,0,2,0,41
2026-08-26 17:31:29,modem,34,0,3,0,2,0,34
2026-08-26 17:31:29,pppoe,35,0,25,0,9,0,44
2026-08-26 17:32:14,modem,33,0,3,0,2,0,34
2026-08-26 17:32:14,pppoe,34,0,25,0,2,0,34
2026-08-26 17:32:58,modem,33,0,3,0,2,0,34
2026-08-26 17:32:58,pppoe,35,0,25,0,2,0,34
2026-08-26 17:33:42,modem,34,0,3,0,2,0,34
2026-08-26 17:33:42,pppoe,35,0,25,0,2,0,33
2026-08-26 17:34:24,modem,33,0,3,0,2,0,33
2026-08-26 17:34:24,pppoe,35,0,24,0,2,0,34
2026-08-26 17:35:10,modem,33,0,3,0,2,0,34
2026-08-26 17:35:10,pppoe,34,0,24,0,2,0,34
2026-08-26 17:35:54,modem,34,0,3,0,2,0,33
2026-08-26 17:35:54,pppoe,34,0,24,0,2,0,37
2026-08-26 17:36:39,modem,34,0,3,0,2,0,34
2026-08-26 17:36:39,pppoe,34,0,24,0,2,0,35
2026-08-26 17:37:21,modem,33,0,3,0,2,0,34
2026-08-26 17:37:21,pppoe,34,0,25,0,2,0,34
2026-08-26 17:38:07,modem,33,0,3,0,2,0,34
2026-08-26 17:38:07,pppoe,34,0,24,0,2,0,34
2026-08-26 17:38:49,modem,34,0,3,0,2,0,33
2026-08-26 17:38:49,pppoe,34,0,83,0,2,0,34
2026-08-26 17:42:05,modem,34,0,3,0,2,0,34
2026-08-26 17:42:05,pppoe,34,0,25,0,2,0,33
2026-08-26 17:42:48,modem,34,0,3,0,2,0,34
2026-08-26 17:42:48,pppoe,34,0,25,0,2,0,34
2026-08-26 17:43:32,modem,34,0,3,0,2,0,34
2026-08-26 17:43:32,pppoe,36,0,25,0,3,0,36
2026-08-26 17:44:15,modem,34,0,3,0,2,0,35
2026-08-26 17:44:15,pppoe,34,0,24,0,2,0,46
2026-08-26 17:44:59,modem,35,0,6,0,2,0,33
2026-08-26 17:44:59,pppoe,40,0,24,0,25,0,39
2026-08-26 17:45:43,modem,33,0,3,0,2,0,34
2026-08-26 17:45:43,pppoe,49,0,24,0,2,0,33
2026-08-26 17:46:24,modem,34,0,3,0,2,0,34
2026-08-26 17:46:24,pppoe,34,0,24,0,2,0,33
2026-08-26 17:47:06,modem,34,0,3,0,2,0,34
2026-08-26 17:47:06,pppoe,34,0,25,0,2,0,33
2026-08-26 17:47:50,modem,34,0,3,0,2,0,33
2026-08-26 17:47:50,pppoe,35,0,24,0,2,0,34
2026-08-26 17:48:34,modem,34,0,3,0,2,0,34
2026-08-26 17:48:34,pppoe,37,0,43,0,2,0,33
2026-08-26 17:49:18,modem,33,0,3,0,2,0,33
2026-08-26 17:49:18,pppoe,34,0,26,0,3,0,33
2026-08-26 17:50:01,modem,34,0,3,0,2,0,33
2026-08-26 17:50:01,pppoe,36,0,41,0,2,0,33
2026-08-26 17:50:45,modem,34,0,3,0,2,0,34
2026-08-26 17:50:45,pppoe,34,0,25,0,3,0,34
2026-08-26 17:51:31,modem,33,0,3,0,2,0,34
2026-08-26 17:51:31,pppoe,34,0,24,0,2,0,33
2026-08-26 17:52:12,modem,34,0,3,0,2,0,34
2026-08-26 17:52:12,pppoe,34,0,24,0,3,0,33
2026-08-26 17:52:56,modem,33,0,3,0,2,0,33
2026-08-26 17:52:56,pppoe,34,0,24,0,2,0,33
2026-08-26 17:53:39,modem,33,0,3,0,2,0,34
2026-08-26 17:53:39,pppoe,34,0,25,0,2,0,38
2026-08-26 17:54:22,modem,34,0,3,0,2,0,34
2026-08-26 17:54:22,pppoe,34,0,25,0,2,0,39
2026-08-26 17:55:06,modem,34,0,3,0,2,0,33
2026-08-26 17:55:06,pppoe,34,0,24,0,2,0,34
2026-08-26 17:55:48,modem,34,0,3,0,2,0,34
2026-08-26 17:55:48,pppoe,35,0,25,0,3,0,33
2026-08-26 17:56:31,modem,33,0,3,0,2,0,34
2026-08-26 17:56:31,pppoe,34,0,25,0,3,0,33
2026-08-26 17:57:15,modem,34,0,3,0,2,0,33
2026-08-26 17:57:15,pppoe,34,0,25,0,2,0,34
2026-08-26 17:57:57,modem,33,0,3,0,2,0,34
2026-08-26 17:57:57,pppoe,34,0,25,0,2,0,33
2026-08-26 17:58:41,modem,34,0,3,0,2,0,33
2026-08-26 17:58:41,pppoe,34,0,24,0,2,0,33
2026-08-26 17:59:28,modem,34,0,3,0,2,0,33
2026-08-26 17:59:28,pppoe,34,0,25,0,2,0,33
2026-08-26 18:00:13,modem,34,0,3,0,2,0,33
2026-08-26 18:00:13,pppoe,34,0,25,0,2,0,33
2026-08-26 18:00:55,modem,34,0,3,0,2,0,34
2026-08-26 18:00:55,pppoe,34,0,31,0,24,0,34
2026-08-26 18:01:42,modem,33,0,3,0,2,0,33
2026-08-26 18:01:42,pppoe,34,0,24,0,2,0,40
2026-08-26 18:02:26,modem,34,0,4,0,2,0,34
2026-08-26 18:02:26,pppoe,34,0,24,0,4,0,35
2026-08-26 18:03:10,modem,34,0,3,0,2,0,33
2026-08-26 18:03:10,pppoe,35,0,24,0,2,0,33
2026-08-26 18:03:51,modem,34,0,3,0,2,0,33
2026-08-26 18:03:51,pppoe,34,0,27,0,19,0,34
2026-08-26 18:04:32,modem,33,0,3,0,2,0,34
2026-08-26 18:04:32,pppoe,34,0,24,0,2,0,34
2026-08-26 18:05:16,modem,33,0,3,0,2,0,33
2026-08-26 18:05:16,pppoe,35,0,25,0,2,0,33
2026-08-26 18:05:58,modem,34,0,3,0,2,0,33
2026-08-26 18:05:58,pppoe,34,0,109,0,2,0,34
2026-08-26 18:09:17,modem,33,0,3,0,2,0,34
2026-08-26 18:09:17,pppoe,46,0,186,0,2,0,33
2026-08-26 18:09:59,modem,34,0,3,0,2,0,33
2026-08-26 18:09:59,pppoe,45,0,42,0,3,0,34
2026-08-26 18:10:46,modem,34,0,3,0,2,0,36
2026-08-26 18:10:46,pppoe,55,0,29,0,2,0,33
2026-08-26 18:11:30,modem,34,0,3,0,2,0,33
2026-08-26 18:11:30,pppoe,34,0,188,0,2,0,33
2026-08-26 18:14:49,modem,34,0,3,0,2,0,34
2026-08-26 18:14:49,pppoe,34,0,25,0,2,0,33
2026-08-26 18:15:35,modem,33,0,3,0,2,0,33
2026-08-26 18:15:35,pppoe,34,0,185,0,10,0,46
2026-08-26 18:16:22,modem,34,0,3,0,2,0,34
2026-08-26 18:16:22,pppoe,34,0,57,0,2,0,34
2026-08-26 18:17:08,modem,34,0,3,0,2,0,34
2026-08-26 18:17:08,pppoe,34,0,27,0,2,0,33
2026-08-26 18:17:55,modem,34,0,3,0,2,0,33
2026-08-26 18:17:55,pppoe,35,0,181,0,2,0,33
2026-08-26 18:21:10,modem,34,0,3,0,2,0,34
2026-08-26 18:21:10,pppoe,34,0,25,0,2,0,34
2026-08-26 18:21:53,modem,33,0,3,0,3,0,34
2026-08-26 18:21:53,pppoe,52,0,29,0,3,0,33
2026-08-26 18:22:37,modem,34,0,3,0,2,0,34
2026-08-26 18:22:37,pppoe,34,0,169,0,2,0,35
2026-08-26 18:23:21,modem,34,0,4,0,2,0,33
2026-08-26 18:23:21,pppoe,34,0,25,0,2,0,33
2026-08-26 18:24:03,modem,34,0,3,0,2,0,34
2026-08-26 18:24:03,pppoe,34,0,41,0,7,0,34
2026-08-26 18:24:47,modem,34,0,3,0,2,0,34
2026-08-26 18:24:47,pppoe,34,0,117,0,2,0,40
2026-08-26 18:28:06,modem,34,0,3,0,2,0,33
2026-08-26 18:28:06,pppoe,34,0,24,0,28,0,34
2026-08-26 18:28:49,modem,34,0,3,0,2,0,33
2026-08-26 18:28:49,pppoe,34,0,122,0,2,0,34
2026-08-26 18:29:36,modem,34,0,3,0,2,0,34
2026-08-26 18:29:36,pppoe,35,0,24,0,2,0,33
2026-08-26 18:30:19,modem,34,0,3,0,2,0,33
2026-08-26 18:30:19,pppoe,34,0,24,0,2,0,33
2026-08-26 18:31:02,modem,34,0,3,0,2,0,34
2026-08-26 18:31:02,pppoe,34,0,24,0,2,0,34
2026-08-26 18:31:47,modem,34,0,3,0,2,0,34
2026-08-26 18:31:47,pppoe,34,0,161,0,2,0,34
2026-08-26 18:35:05,modem,34,0,3,0,2,0,34
2026-08-26 18:35:05,pppoe,42,0,29,0,2,0,34
2026-08-26 18:35:47,modem,34,0,3,0,3,0,33
2026-08-26 18:35:47,pppoe,34,0,186,0,2,0,34
2026-08-26 18:36:29,modem,34,0,3,0,2,0,33
2026-08-26 18:36:29,pppoe,35,0,24,0,3,0,34
2026-08-26 18:37:14,modem,34,0,3,0,2,0,34
2026-08-26 18:37:14,pppoe,34,0,25,0,2,0,38
2026-08-26 18:37:58,modem,34,0,3,0,2,0,34
2026-08-26 18:37:58,pppoe,34,0,178,0,3,0,38
2026-08-26 18:41:13,modem,33,0,3,0,2,0,33
2026-08-26 18:41:13,pppoe,34,0,161,0,2,0,33
2026-08-26 18:41:55,modem,34,0,3,0,3,0,34
2026-08-26 18:41:55,pppoe,52,0,28,0,3,0,33
2026-08-26 18:42:38,modem,34,0,3,0,2,0,33
2026-08-26 18:42:38,pppoe,34,0,27,0,2,0,33
2026-08-26 18:43:23,modem,34,0,3,0,3,0,33
2026-08-26 18:43:23,pppoe,34,0,29,0,2,0,34
2026-08-26 18:44:07,modem,33,0,3,0,2,0,34
2026-08-26 18:44:07,pppoe,34,0,190,0,2,0,34
2026-08-26 18:47:30,modem,33,0,3,0,2,0,33
2026-08-26 18:47:30,pppoe,50,0,29,0,2,0,32
2026-08-26 18:48:11,modem,34,0,3,0,2,0,34
2026-08-26 18:48:11,pppoe,34,0,182,0,2,0,33
2026-08-26 18:48:56,modem,34,0,3,0,3,0,34
2026-08-26 18:48:56,pppoe,34,0,48,0,3,0,40
2026-08-26 18:49:40,modem,34,0,3,0,2,0,34
2026-08-26 18:49:40,pppoe,47,0,25,0,2,0,33
2026-08-26 18:50:24,modem,34,0,3,0,2,0,33
2026-08-26 18:50:24,pppoe,35,0,36,0,2,0,33
2026-08-26 18:51:11,modem,34,0,3,0,2,0,33
2026-08-26 18:51:11,pppoe,34,0,63,0,2,0,33
2026-08-26 18:54:34,modem,34,0,3,0,3,0,34
2026-08-26 18:54:34,pppoe,35,0,29,0,3,0,34
2026-08-26 18:55:17,modem,34,0,3,0,3,0,33
2026-08-26 18:55:17,pppoe,34,0,180,0,3,0,34
2026-08-26 18:56:02,modem,33,0,3,0,2,0,34
2026-08-26 18:56:02,pppoe,39,0,109,0,2,0,34
2026-08-26 18:56:46,modem,33,0,3,0,2,0,33
2026-08-26 18:56:46,pppoe,35,0,104,0,2,0,32
2026-08-26 19:00:03,modem,34,0,3,0,2,0,33
2026-08-26 19:00:03,pppoe,42,0,195,0,24,0,33
2026-08-26 19:00:52,modem,34,0,3,0,2,0,34
2026-08-26 19:00:52,pppoe,34,0,134,0,2,0,38
2026-08-26 19:01:34,modem,34,0,3,0,2,0,33
2026-08-26 19:01:34,pppoe,34,0,134,0,2,0,33
2026-08-26 19:02:21,modem,34,0,3,0,2,0,33
2026-08-26 19:02:21,pppoe,34,0,86,0,3,0,34
2026-08-26 19:05:40,modem,34,0,4,0,3,0,34
2026-08-26 19:05:40,pppoe,35,0,151,0,2,0,33
2026-08-26 19:06:25,modem,34,0,3,0,2,0,34
2026-08-26 19:06:25,pppoe,34,0,112,0,16,0,33
2026-08-26 19:07:11,modem,33,0,4,0,3,0,33
2026-08-26 19:07:11,pppoe,34,0,151,0,3,0,33
2026-08-26 19:07:53,modem,34,0,3,0,2,0,34
2026-08-26 19:07:53,pppoe,34,0,124,0,2,0,34
2026-08-26 19:11:12,modem,33,0,3,0,2,0,33
2026-08-26 19:11:12,pppoe,35,0,162,0,3,0,33
2026-08-26 19:11:56,modem,34,0,3,0,2,0,34
2026-08-26 19:11:56,pppoe,34,0,169,0,2,0,33
2026-08-26 19:12:40,modem,34,0,3,0,2,0,34
2026-08-26 19:12:40,pppoe,35,0,170,0,2,0,33
2026-08-26 19:13:24,modem,34,0,3,0,2,0,34
2026-08-26 19:13:24,pppoe,34,0,193,20,3,0,33
2026-08-26 19:16:47,modem,34,0,3,0,2,0,34
2026-08-26 19:16:47,pppoe,34,0,183,0,2,0,33
2026-08-26 19:17:31,modem,34,0,3,0,2,0,34
2026-08-26 19:17:31,pppoe,34,0,132,0,9,0,33
2026-08-26 19:18:17,modem,34,0,3,0,2,0,33
2026-08-26 19:18:17,pppoe,34,0,147,0,3,0,33
2026-08-26 19:19:01,modem,33,0,3,0,3,0,33
2026-08-26 19:19:01,pppoe,34,0,172,0,2,0,33
2026-08-26 19:22:22,modem,34,0,3,0,2,0,34
2026-08-26 19:22:22,pppoe,34,0,169,0,2,0,33
2026-08-26 19:23:03,modem,34,0,3,0,2,0,33
2026-08-26 19:23:03,pppoe,36,0,178,0,2,0,33
2026-08-26 19:23:50,modem,34,0,3,0,3,0,33
2026-08-26 19:23:50,pppoe,34,0,173,0,3,0,33
2026-08-26 19:24:34,modem,34,0,3,0,2,0,33
2026-08-26 19:24:34,pppoe,34,0,193,0,2,0,38
2026-08-26 19:27:55,modem,33,0,3,0,2,0,34
2026-08-26 19:27:55,pppoe,34,0,152,0,2,0,33
2026-08-26 19:28:36,modem,34,0,4,0,2,0,33
2026-08-26 19:28:36,pppoe,34,0,152,0,2,0,33
2026-08-26 19:29:21,modem,34,0,3,0,2,0,33
2026-08-26 19:29:21,pppoe,35,0,138,0,4,0,33
2026-08-26 19:30:05,modem,34,0,3,0,2,0,33
2026-08-26 19:30:05,pppoe,34,0,150,0,3,0,38
2026-08-26 19:33:23,modem,33,0,4,0,3,0,33
2026-08-26 19:33:23,pppoe,36,0,166,0,37,0,34
2026-08-26 19:34:05,modem,33,0,3,0,2,0,33
2026-08-26 19:34:05,pppoe,34,0,155,0,3,0,34
2026-08-26 19:34:49,modem,34,0,3,0,2,0,34
2026-08-26 19:34:49,pppoe,45,0,175,0,2,0,33
2026-08-26 19:35:31,modem,47,0,3,0,2,0,35
2026-08-26 19:35:31,pppoe,36,0,173,0,3,0,36
2026-08-26 19:38:52,modem,40,0,3,0,2,0,40
2026-08-26 19:38:52,pppoe,37,0,182,0,2,0,36
2026-08-26 19:39:34,modem,36,0,3,0,2,0,37
2026-08-26 19:39:34,pppoe,45,0,187,0,2,0,35
2026-08-26 19:40:17,modem,36,0,3,0,2,0,38
2026-08-26 19:40:17,pppoe,37,0,159,0,2,0,36
2026-08-26 19:41:01,modem,35,0,3,0,2,0,34
2026-08-26 19:41:01,pppoe,36,0,150,0,2,0,34
2026-08-26 19:44:22,modem,33,0,3,0,2,0,36
2026-08-26 19:44:22,pppoe,34,0,180,0,2,0,34
2026-08-26 19:45:06,modem,34,0,3,0,3,0,33
2026-08-26 19:45:06,pppoe,35,0,176,0,3,0,40
2026-08-26 19:45:50,modem,34,0,4,0,2,0,34
2026-08-26 19:45:50,pppoe,34,0,191,0,3,0,33
2026-08-26 19:46:33,modem,34,0,3,0,2,0,34
2026-08-26 19:46:33,pppoe,34,0,199,0,2,0,33
2026-08-26 19:49:51,modem,33,0,3,0,3,0,34
2026-08-26 19:49:51,pppoe,35,0,199,0,24,0,34
2026-08-26 19:50:35,modem,34,0,3,0,2,0,34
2026-08-26 19:50:35,pppoe,47,0,179,0,3,0,34
2026-08-26 19:51:18,modem,34,0,3,0,3,0,34
2026-08-26 19:51:18,pppoe,35,0,190,0,2,0,34
2026-08-26 19:52:02,modem,34,0,4,0,2,0,34
2026-08-26 19:52:02,pppoe,34,0,194,0,8,0,35
2026-08-26 19:55:27,modem,34,0,4,0,2,0,33
2026-08-26 19:55:27,pppoe,47,0,173,0,2,0,33
2026-08-26 19:56:12,modem,34,0,3,0,2,0,34
2026-08-26 19:56:12,pppoe,34,0,187,0,2,0,34
2026-08-26 19:56:56,modem,34,0,3,0,3,0,33
2026-08-26 19:56:56,pppoe,34,0,186,0,2,0,32
2026-08-26 19:57:39,modem,35,0,3,0,3,0,33
2026-08-26 19:57:39,pppoe,34,0,162,0,2,0,33
2026-08-26 20:00:59,modem,33,0,3,0,2,0,34
2026-08-26 20:00:59,pppoe,35,0,201,0,2,0,33
2026-08-26 20:01:42,modem,34,0,3,0,2,0,35
2026-08-26 20:01:42,pppoe,35,0,200,0,2,0,33
2026-08-26 20:02:26,modem,34,0,3,0,3,0,34
2026-08-26 20:02:26,pppoe,35,0,201,0,2,0,33
2026-08-26 20:03:10,modem,34,0,3,0,2,0,37
2026-08-26 20:03:10,pppoe,42,0,203,0,2,0,34
2026-08-26 20:06:40,modem,34,0,3,0,2,0,35
2026-08-26 20:06:40,pppoe,35,0,204,0,2,0,35
2026-08-26 20:07:21,modem,36,0,3,0,2,0,34
2026-08-26 20:07:21,pppoe,35,0,204,0,2,0,34
2026-08-26 20:08:06,modem,40,0,3,0,3,0,37
2026-08-26 20:08:06,pppoe,47,0,179,0,2,0,39
2026-08-26 20:08:49,modem,35,0,3,0,2,0,36
2026-08-26 20:08:49,pppoe,35,0,204,0,2,0,37
2026-08-26 20:12:21,modem,67,0,3,0,3,0,73
2026-08-26 20:12:21,pppoe,62,0,203,20,3,0,68
2026-08-26 20:13:05,modem,65,0,3,0,2,0,71
2026-08-26 20:13:05,pppoe,76,0,216,0,10,0,65
2026-08-26 20:13:50,modem,63,0,3,0,2,0,66
2026-08-26 20:13:50,pppoe,75,0,203,0,3,0,78
2026-08-26 20:17:14,modem,83,0,3,0,2,0,68
2026-08-26 20:17:14,pppoe,73,0,206,0,2,0,80
2026-08-26 20:18:06,pppoe,-1,100,-1,100,-1,100,-1
2026-08-27 09:43:42,modem,34,0,3,0,2,0,34
2026-08-27 09:43:42,pppoe,34,0,24,0,2,0,37
2026-08-27 09:44:25,modem,35,0,11,0,6,0,35
2026-08-27 09:44:25,pppoe,33,0,24,0,3,0,33
2026-08-27 09:45:08,modem,34,0,3,0,2,0,34
2026-08-27 09:45:08,pppoe,33,0,24,0,2,0,33
2026-08-27 09:45:50,modem,34,0,3,0,2,0,34
2026-08-27 09:45:50,pppoe,34,0,32,0,17,0,33
2026-08-27 09:46:31,modem,35,0,8,0,4,0,34
2026-08-27 09:46:31,pppoe,35,0,26,0,19,0,36
2026-08-27 09:47:12,modem,33,0,3,0,2,0,33
2026-08-27 09:47:12,pppoe,34,0,26,0,4,0,33
2026-08-27 09:47:54,modem,34,0,3,0,2,0,33
2026-08-27 09:47:54,pppoe,46,0,29,0,2,0,33
2026-08-27 09:48:35,modem,34,0,3,0,2,0,34
2026-08-27 09:48:35,pppoe,33,0,24,0,2,0,33
2026-08-27 09:49:16,modem,34,0,3,0,2,0,33
2026-08-27 09:49:16,pppoe,33,0,24,0,2,0,32
2026-08-27 09:50:00,modem,34,0,3,0,2,0,34
2026-08-27 09:50:00,pppoe,33,0,24,0,3,0,33
2026-08-27 09:50:41,modem,34,0,3,0,2,0,33
2026-08-27 09:50:41,pppoe,33,0,23,0,2,0,32
2026-08-27 09:51:22,modem,34,0,3,0,2,0,33
2026-08-27 09:51:22,pppoe,34,0,24,0,2,0,33
2026-08-27 09:52:03,modem,34,0,3,0,3,0,33
2026-08-27 09:52:03,pppoe,33,0,24,0,3,0,33
2026-08-27 09:52:45,modem,33,0,3,0,2,0,33
2026-08-27 09:52:45,pppoe,33,0,24,0,2,0,33
2026-08-27 09:53:26,modem,34,0,3,0,2,0,34
2026-08-27 09:53:26,pppoe,33,0,24,0,2,0,33
2026-08-27 09:54:10,modem,33,0,3,0,2,0,33
2026-08-27 09:54:10,pppoe,33,0,23,0,2,0,33
2026-08-27 09:54:51,modem,34,0,3,0,2,0,34
2026-08-27 09:54:51,pppoe,33,0,24,0,2,0,33
2026-08-27 09:55:33,modem,34,0,3,0,2,0,33
2026-08-27 09:55:33,pppoe,33,0,24,0,2,0,33
2026-08-27 09:56:14,modem,34,0,3,0,2,0,34
2026-08-27 09:56:14,pppoe,33,0,24,0,2,0,33
2026-08-27 09:56:55,modem,34,0,3,0,2,0,33
2026-08-27 09:56:55,pppoe,33,0,24,0,20,0,33
2026-08-27 09:57:38,modem,33,0,3,0,2,0,33
2026-08-27 09:57:38,pppoe,33,0,24,0,3,0,33
2026-08-27 09:58:19,modem,34,0,3,0,2,0,34
2026-08-27 09:58:19,pppoe,33,0,24,0,2,0,33
2026-08-27 09:59:00,modem,33,0,3,0,2,0,33
2026-08-27 09:59:00,pppoe,41,0,26,0,2,0,33
2026-08-27 09:59:42,modem,34,0,3,0,2,0,34
2026-08-27 09:59:42,pppoe,33,0,24,0,2,0,33
2026-08-27 10:00:23,modem,34,0,3,0,2,0,34
2026-08-27 10:00:23,pppoe,34,0,24,0,3,0,37
2026-08-27 10:01:05,modem,34,0,3,0,2,0,34
2026-08-27 10:01:05,pppoe,33,0,24,0,2,0,33
2026-08-27 10:01:46,modem,34,0,3,0,2,0,34
2026-08-27 10:01:46,pppoe,33,0,24,0,2,0,33
2026-08-27 10:02:27,modem,34,0,3,0,2,0,33
2026-08-27 10:02:27,pppoe,33,0,24,0,2,0,34
2026-08-27 10:03:10,modem,34,0,3,0,2,0,34
2026-08-27 10:03:10,pppoe,33,0,24,0,2,0,33
2026-08-27 10:03:51,modem,34,0,3,0,2,0,34
2026-08-27 10:03:51,pppoe,33,0,24,0,2,0,33
2026-08-27 10:04:35,modem,34,0,3,0,2,0,33
2026-08-27 10:04:35,pppoe,33,0,24,0,2,0,32
2026-08-27 10:05:18,modem,33,0,3,0,2,0,34
2026-08-27 10:05:18,pppoe,33,0,24,0,2,0,33
2026-08-27 10:05:59,modem,33,0,3,0,2,0,33
2026-08-27 10:05:59,pppoe,33,0,24,0,3,0,33
2026-08-27 10:06:40,modem,33,0,3,0,2,0,34
2026-08-27 10:06:40,pppoe,33,0,24,0,2,0,33
2026-08-27 10:07:23,modem,34,0,3,0,2,0,33
2026-08-27 10:07:23,pppoe,33,0,24,0,2,0,33
2026-08-27 10:08:07,modem,34,0,3,0,2,0,33
2026-08-27 10:08:07,pppoe,34,0,24,0,3,0,33
2026-08-27 10:08:48,modem,34,0,3,0,2,0,33
2026-08-27 10:08:48,pppoe,44,0,24,0,2,0,33
2026-08-27 10:09:28,modem,34,0,3,0,2,0,33
2026-08-27 10:09:28,pppoe,34,0,24,0,2,0,33
2026-08-27 10:10:09,modem,33,0,3,0,2,0,33
2026-08-27 10:10:09,pppoe,33,0,24,0,2,0,33
2026-08-27 10:10:52,modem,33,0,3,0,2,0,33
2026-08-27 10:10:52,pppoe,34,0,24,0,2,0,33
2026-08-27 10:11:33,modem,33,0,3,0,2,0,33
2026-08-27 10:11:33,pppoe,33,0,23,0,3,0,33
2026-08-27 10:12:14,modem,34,0,3,0,2,0,33
2026-08-27 10:12:14,pppoe,33,0,24,0,3,0,33
2026-08-27 10:12:56,modem,33,0,3,0,2,0,34
2026-08-27 10:12:56,pppoe,33,0,24,0,11,0,33
2026-08-27 10:13:37,modem,34,0,3,0,2,0,33
2026-08-27 10:13:37,pppoe,33,0,24,0,2,0,33
2026-08-27 10:14:18,modem,34,0,3,0,2,0,34
2026-08-27 10:14:18,pppoe,33,0,24,0,3,0,33
2026-08-27 10:15:00,modem,34,0,3,0,2,0,33
2026-08-27 10:15:00,pppoe,33,0,24,0,2,0,33
2026-08-27 10:15:41,modem,34,0,3,0,2,0,34
2026-08-27 10:15:41,pppoe,45,0,23,0,3,0,33
2026-08-27 10:16:22,modem,33,0,3,0,2,0,34
2026-08-27 10:16:22,pppoe,33,0,24,0,3,0,33
2026-08-27 10:17:05,modem,34,0,3,0,2,0,33
2026-08-27 10:17:05,pppoe,39,0,24,0,2,0,34
2026-08-27 10:17:46,modem,34,0,3,0,2,0,33
2026-08-27 10:17:46,pppoe,33,0,24,0,3,0,33
2026-08-27 10:18:27,modem,34,0,3,0,2,0,34
2026-08-27 10:18:27,pppoe,33,0,24,0,2,0,33
2026-08-27 10:19:09,modem,33,0,3,0,3,0,34
2026-08-27 10:19:09,pppoe,33,0,24,0,2,0,33
2026-08-27 10:19:51,modem,34,0,3,0,2,0,33
2026-08-27 10:19:51,pppoe,34,0,23,0,11,0,33
2026-08-27 10:20:32,modem,33,0,3,0,2,0,34
2026-08-27 10:20:32,pppoe,33,0,24,0,2,0,33
2026-08-27 10:21:15,modem,34,0,3,0,2,0,34
2026-08-27 10:21:15,pppoe,51,0,24,0,2,0,33
2026-08-27 10:21:56,modem,34,0,3,0,2,0,33
2026-08-27 10:21:56,pppoe,42,0,24,0,2,0,33
2026-08-27 10:22:37,modem,34,0,3,0,2,0,34
2026-08-27 10:22:37,pppoe,33,0,24,0,2,0,33
2026-08-27 10:23:18,modem,34,0,3,0,2,0,33
2026-08-27 10:23:18,pppoe,33,0,24,0,3,0,33
2026-08-27 10:23:58,modem,34,0,3,0,2,0,34
2026-08-27 10:23:58,pppoe,33,0,24,0,3,0,33
2026-08-27 10:24:39,modem,34,0,3,0,2,0,34
2026-08-27 10:24:39,pppoe,33,0,24,0,2,0,33
2026-08-27 10:25:22,modem,33,0,3,0,2,0,33
2026-08-27 10:25:22,pppoe,33,0,24,0,3,0,33
2026-08-27 10:26:04,modem,34,0,3,0,2,0,33
2026-08-27 10:26:04,pppoe,33,0,23,0,23,0,33
2026-08-27 10:26:47,modem,33,0,3,0,2,0,34
2026-08-27 10:26:47,pppoe,33,0,24,0,2,0,33
2026-08-27 10:27:28,modem,34,0,3,0,2,0,34
2026-08-27 10:27:28,pppoe,33,0,24,0,2,0,32
2026-08-27 10:28:09,modem,34,0,3,0,2,0,33
2026-08-27 10:28:09,pppoe,37,0,24,0,2,0,33
2026-08-27 10:28:49,modem,34,0,3,0,2,0,34
2026-08-27 10:28:49,pppoe,44,0,23,0,2,0,33
2026-08-27 10:29:30,modem,34,0,3,0,2,0,34
2026-08-27 10:29:30,pppoe,33,0,25,0,2,0,33
2026-08-27 10:30:11,modem,34,0,3,0,2,0,33
2026-08-27 10:30:11,pppoe,34,0,24,0,2,0,33
2026-08-27 10:30:52,modem,33,0,3,0,2,0,34
2026-08-27 10:30:52,pppoe,33,0,24,0,2,0,33
2026-08-27 10:31:36,modem,34,0,3,0,2,0,33
2026-08-27 10:31:36,pppoe,33,0,24,0,2,0,33
2026-08-27 10:32:17,modem,34,0,3,0,2,0,34
2026-08-27 10:32:17,pppoe,34,0,24,0,2,0,33
2026-08-27 10:32:58,modem,33,0,3,0,2,0,34
2026-08-27 10:32:58,pppoe,33,0,24,0,2,0,33
2026-08-27 10:33:39,modem,34,0,3,0,2,0,34
2026-08-27 10:33:39,pppoe,33,0,24,0,6,0,33
2026-08-27 10:34:20,modem,34,0,3,0,2,0,33
2026-08-27 10:34:20,pppoe,33,0,24,0,2,0,33
2026-08-27 10:35:01,modem,34,0,3,0,3,0,34
2026-08-27 10:35:01,pppoe,34,0,24,0,2,0,33
2026-08-27 10:35:43,modem,34,0,3,0,2,0,35
2026-08-27 10:35:43,pppoe,33,0,24,0,2,0,33
2026-08-27 10:36:24,modem,34,0,3,0,2,0,32
2026-08-27 10:36:24,pppoe,33,0,24,0,3,0,33
2026-08-27 10:37:05,modem,33,0,3,0,2,0,33
2026-08-27 10:37:05,pppoe,34,0,24,0,3,0,33
2026-08-27 10:37:47,modem,33,0,3,0,2,0,33
2026-08-27 10:37:47,pppoe,33,0,24,0,3,0,34
2026-08-27 10:38:28,modem,34,0,3,0,2,0,33
2026-08-27 10:38:28,pppoe,33,0,24,0,2,0,33
2026-08-27 10:39:09,modem,34,0,3,0,2,0,34
2026-08-27 10:39:09,pppoe,33,0,24,0,3,0,33
2026-08-27 10:39:52,modem,34,0,3,0,2,0,33
2026-08-27 10:39:52,pppoe,33,0,24,0,2,0,33
2026-08-27 10:40:33,modem,34,0,3,0,2,0,33
2026-08-27 10:40:33,pppoe,33,0,24,0,14,0,35
2026-08-27 10:41:14,modem,34,0,3,0,2,0,34
2026-08-27 10:41:14,pppoe,33,0,25,0,2,0,33
2026-08-27 10:41:56,modem,34,0,3,0,2,0,34
2026-08-27 10:41:56,pppoe,40,0,33,0,2,0,33
2026-08-27 10:42:37,modem,33,0,3,0,2,0,34
2026-08-27 10:42:37,pppoe,46,0,25,0,2,0,34
2026-08-27 10:43:18,modem,34,0,3,0,2,0,33
2026-08-27 10:43:18,pppoe,33,0,24,0,2,0,34
2026-08-27 10:44:00,modem,33,0,3,0,2,0,34
2026-08-27 10:44:00,pppoe,33,0,24,0,2,0,34
2026-08-27 10:44:41,modem,34,0,3,0,2,0,33
2026-08-27 10:44:41,pppoe,33,0,24,0,3,0,33
2026-08-27 10:45:22,modem,33,0,3,0,2,0,34
2026-08-27 10:45:22,pppoe,33,0,24,0,2,0,33
2026-08-27 10:46:05,modem,34,0,3,0,2,0,33
2026-08-27 10:46:05,pppoe,34,0,24,0,2,0,34
2026-08-27 10:46:46,modem,33,0,3,0,2,0,33
2026-08-27 10:46:46,pppoe,33,0,24,0,2,0,33
2026-08-27 10:47:30,modem,33,0,3,0,2,0,33
2026-08-27 10:47:30,pppoe,45,0,26,0,3,0,33
2026-08-27 10:48:10,modem,33,0,3,0,2,0,33
2026-08-27 10:48:10,pppoe,33,0,23,0,2,0,33
2026-08-27 10:48:53,modem,34,0,3,0,2,0,33
2026-08-27 10:48:53,pppoe,33,0,24,0,2,0,33
2026-08-27 10:49:34,modem,33,0,3,0,2,0,33
2026-08-27 10:49:34,pppoe,33,0,24,0,3,0,33
2026-08-27 10:50:16,modem,33,0,3,0,2,0,34
2026-08-27 10:50:16,pppoe,33,0,24,0,2,0,34
2026-08-27 10:50:57,modem,34,0,3,0,2,0,33
2026-08-27 10:50:57,pppoe,33,0,24,0,3,0,36
2026-08-27 10:51:38,modem,33,0,3,0,2,0,34
2026-08-27 10:51:38,pppoe,33,0,24,0,2,0,33
2026-08-27 10:52:19,modem,34,0,3,0,2,0,33
2026-08-27 10:52:19,pppoe,33,0,24,0,2,0,33
2026-08-27 10:53:01,modem,34,0,3,0,2,0,34
2026-08-27 10:53:01,pppoe,33,0,24,0,2,0,34
2026-08-27 10:53:45,modem,34,0,3,0,2,0,33
2026-08-27 10:53:45,pppoe,34,0,24,0,2,0,34
2026-08-27 10:54:26,modem,33,0,3,0,2,0,34
2026-08-27 10:54:26,pppoe,33,0,24,0,2,0,33
2026-08-27 10:55:09,modem,33,0,3,0,2,0,33
2026-08-27 10:55:09,pppoe,33,0,24,0,2,0,34
2026-08-27 10:55:51,modem,34,0,3,0,2,0,34
2026-08-27 10:55:51,pppoe,33,0,24,0,2,0,34
2026-08-27 10:56:32,modem,34,0,3,0,2,0,34
2026-08-27 10:56:32,pppoe,34,0,24,0,2,0,37
2026-08-27 10:57:13,modem,34,0,3,0,2,0,34
2026-08-27 10:57:13,pppoe,33,0,24,0,2,0,33
2026-08-27 10:57:54,modem,34,0,3,0,2,0,34
2026-08-27 10:57:54,pppoe,33,0,28,0,26,0,33
2026-08-27 10:58:38,modem,34,0,3,0,2,0,34
2026-08-27 10:58:38,pppoe,33,0,25,0,2,0,34
2026-08-27 10:59:20,modem,34,0,3,0,2,0,33
2026-08-27 10:59:20,pppoe,33,0,24,0,2,0,38
2026-08-27 11:00:01,modem,34,0,3,0,2,0,33
2026-08-27 11:00:01,pppoe,33,0,24,0,2,0,40
2026-08-27 11:00:42,modem,34,0,3,0,2,0,34
2026-08-27 11:00:42,pppoe,33,0,24,0,2,0,33
2026-08-27 11:01:25,modem,34,0,3,0,2,0,33
2026-08-27 11:01:25,pppoe,33,0,24,0,2,0,37
2026-08-27 11:02:06,modem,33,0,3,0,2,0,34
2026-08-27 11:02:06,pppoe,37,0,36,0,2,0,34
2026-08-27 11:02:48,modem,34,0,3,0,2,0,34
2026-08-27 11:02:48,pppoe,33,0,24,0,2,0,34
2026-08-27 11:03:30,modem,34,0,3,0,2,0,33
2026-08-27 11:03:30,pppoe,34,0,24,0,2,0,34
2026-08-27 11:04:13,modem,33,0,3,0,2,0,33
2026-08-27 11:04:13,pppoe,34,0,24,0,2,0,33
2026-08-27 11:04:54,modem,34,0,3,0,2,0,33
2026-08-27 11:04:54,pppoe,33,0,24,0,2,0,34
2026-08-27 11:05:35,modem,34,0,3,0,2,0,33
2026-08-27 11:05:35,pppoe,34,0,24,0,2,0,37
2026-08-27 11:06:17,modem,34,0,3,0,2,0,33
2026-08-27 11:06:17,pppoe,34,0,24,0,2,0,35
2026-08-27 11:06:59,modem,34,0,3,0,2,0,34
2026-08-27 11:06:59,pppoe,33,0,24,0,2,0,33
2026-08-27 11:07:45,modem,34,0,3,0,2,0,33
2026-08-27 11:07:45,pppoe,33,0,24,0,2,0,33
2026-08-27 11:08:27,modem,33,0,3,0,2,0,33
2026-08-27 11:08:27,pppoe,33,0,24,0,2,0,34
2026-08-27 11:09:11,modem,34,0,3,0,2,0,34
2026-08-27 11:09:11,pppoe,33,0,24,0,3,0,32
2026-08-27 11:09:53,modem,33,0,3,0,2,0,34
2026-08-27 11:09:53,pppoe,33,0,24,0,2,0,34
2026-08-27 11:10:34,modem,34,0,3,0,2,0,33
2026-08-27 11:10:34,pppoe,34,0,24,0,2,0,33
2026-08-27 11:11:15,modem,33,0,3,0,2,0,34
2026-08-27 11:11:15,pppoe,33,0,26,0,4,0,33
2026-08-27 11:11:58,modem,34,0,3,0,2,0,34
2026-08-27 11:11:58,pppoe,34,0,24,0,2,0,34
2026-08-27 11:12:39,modem,34,0,3,0,2,0,33
2026-08-27 11:12:39,pppoe,33,0,24,0,2,0,34
2026-08-27 11:13:20,modem,34,0,3,0,2,0,34
2026-08-27 11:13:20,pppoe,33,0,24,0,2,0,33
2026-08-27 11:14:02,modem,34,0,3,0,2,0,34
2026-08-27 11:14:02,pppoe,33,0,24,0,2,0,33
2026-08-27 11:14:43,modem,34,0,3,0,2,0,33
2026-08-27 11:14:43,pppoe,33,0,24,0,2,0,33
2026-08-27 11:15:24,modem,34,0,3,0,2,0,33
2026-08-27 11:15:24,pppoe,33,0,24,0,2,0,34
2026-08-27 11:16:06,modem,33,0,3,0,2,0,33
2026-08-27 11:16:06,pppoe,38,0,39,0,3,0,33
2026-08-27 11:16:47,modem,34,0,3,0,2,0,34
2026-08-27 11:16:47,pppoe,33,0,24,0,3,0,34
2026-08-27 11:17:28,modem,33,0,3,0,2,0,34
2026-08-27 11:17:28,pppoe,33,0,24,0,2,0,33
2026-08-27 11:18:11,modem,34,0,3,0,2,0,34
2026-08-27 11:18:11,pppoe,34,0,24,0,4,0,39
2026-08-27 11:18:52,modem,34,0,3,0,2,0,34
2026-08-27 11:18:52,pppoe,34,0,24,0,2,0,33
2026-08-27 11:19:33,modem,34,0,3,0,2,0,34
2026-08-27 11:19:33,pppoe,33,0,24,0,3,0,33
2026-08-27 11:20:15,modem,33,0,3,0,2,0,34
2026-08-27 11:20:15,pppoe,34,0,24,0,3,0,33
2026-08-27 11:21:00,modem,33,0,3,0,2,0,34
2026-08-27 11:21:00,pppoe,48,0,24,0,2,0,33
2026-08-27 11:21:41,modem,34,0,3,0,2,0,33
2026-08-27 11:21:41,pppoe,33,0,24,0,3,0,35
2026-08-27 11:22:22,modem,33,0,3,0,2,0,34
2026-08-27 11:22:22,pppoe,33,0,24,0,3,0,33
2026-08-27 11:23:03,modem,34,0,3,0,2,0,33
2026-08-27 11:23:03,pppoe,34,0,24,0,2,0,39
2026-08-27 11:23:44,modem,33,0,3,0,2,0,34
2026-08-27 11:23:44,pppoe,33,0,24,0,4,0,34
2026-08-27 11:24:25,modem,34,0,3,0,2,0,34
2026-08-27 11:24:25,pppoe,33,0,24,0,2,0,33
2026-08-27 11:25:09,modem,33,0,3,0,3,0,33
2026-08-27 11:25:09,pppoe,33,0,25,0,23,0,38
2026-08-27 11:25:50,modem,34,0,3,0,2,0,33
2026-08-27 11:25:50,pppoe,33,0,23,0,16,0,37
2026-08-27 11:26:31,modem,34,0,3,0,2,0,33
2026-08-27 11:26:31,pppoe,34,0,24,0,2,0,34
2026-08-27 11:27:12,modem,33,0,3,0,2,0,34
2026-08-27 11:27:12,pppoe,38,0,43,0,2,0,33
2026-08-27 11:27:56,modem,34,0,3,0,2,0,33
2026-08-27 11:27:56,pppoe,33,0,24,0,2,0,33
2026-08-27 11:28:37,modem,33,0,3,0,2,0,33
2026-08-27 11:28:37,pppoe,33,0,23,0,3,0,38
2026-08-27 11:29:18,modem,34,0,3,0,2,0,34
2026-08-27 11:29:18,pppoe,33,0,24,0,2,0,34
2026-08-27 11:30:00,modem,34,0,3,0,2,0,34
2026-08-27 11:30:00,pppoe,33,0,24,0,3,0,34
2026-08-27 11:30:41,modem,34,0,3,0,2,0,34
2026-08-27 11:30:41,pppoe,33,0,24,0,2,0,33
2026-08-27 11:31:22,modem,33,0,3,0,2,0,34
2026-08-27 11:31:22,pppoe,33,0,27,0,18,0,33
2026-08-27 11:32:04,modem,34,0,3,0,2,0,33
2026-08-27 11:32:04,pppoe,33,0,46,0,6,0,41
2026-08-27 11:32:45,modem,34,0,3,0,2,0,34
2026-08-27 11:32:45,pppoe,33,0,24,0,2,0,34
2026-08-27 11:33:26,modem,33,0,3,0,2,0,34
2026-08-27 11:33:26,pppoe,34,0,24,0,2,0,45
2026-08-27 11:34:10,modem,34,0,3,0,2,0,33
2026-08-27 11:34:10,pppoe,33,0,24,0,3,0,34
2026-08-27 11:34:53,modem,34,0,3,0,2,0,33
2026-08-27 11:34:53,pppoe,33,0,24,0,3,0,39
2026-08-27 11:35:34,modem,34,0,3,0,2,0,33
2026-08-27 11:35:34,pppoe,33,0,25,0,2,0,34
2026-08-27 11:36:15,modem,33,0,3,0,3,0,34
2026-08-27 11:36:15,pppoe,33,0,24,0,2,0,35
2026-08-27 11:36:55,modem,33,0,3,0,2,0,33
2026-08-27 11:36:55,pppoe,33,0,24,0,2,0,34
2026-08-27 11:37:38,modem,34,0,3,0,2,0,34
2026-08-27 11:37:38,pppoe,33,0,24,0,3,0,33
2026-08-27 11:38:20,modem,33,0,3,0,2,0,35
2026-08-27 11:38:20,pppoe,33,0,24,0,2,0,33
2026-08-27 11:39:03,modem,34,0,3,0,2,0,34
2026-08-27 11:39:03,pppoe,33,0,24,0,3,0,34
2026-08-27 11:39:45,modem,33,0,3,0,2,0,34
2026-08-27 11:39:45,pppoe,33,0,24,0,3,0,33
2026-08-27 11:40:26,modem,34,0,3,0,3,0,34
2026-08-27 11:40:26,pppoe,33,0,24,0,2,0,36
2026-08-27 11:41:07,modem,33,0,3,0,2,0,33
2026-08-27 11:41:07,pppoe,33,0,24,0,3,0,34
2026-08-27 11:41:49,modem,34,0,3,0,2,0,33
2026-08-27 11:41:49,pppoe,33,0,24,0,2,0,33
2026-08-27 11:42:32,modem,34,0,3,0,2,0,34
2026-08-27 11:42:32,pppoe,33,0,24,0,2,0,34
2026-08-27 11:43:16,modem,34,0,3,0,2,0,34
2026-08-27 11:43:16,pppoe,33,0,24,0,2,0,44
2026-08-27 11:43:57,modem,34,0,3,0,2,0,33
2026-08-27 11:43:57,pppoe,33,0,24,0,2,0,38
2026-08-27 11:44:38,modem,34,0,3,0,2,0,33
2026-08-27 11:44:38,pppoe,33,0,23,0,3,0,34
2026-08-27 11:45:19,modem,33,0,3,0,2,0,34
2026-08-27 11:45:19,pppoe,33,0,24,0,2,0,39
2026-08-27 11:46:00,modem,34,0,3,0,2,0,33
2026-08-27 11:46:00,pppoe,34,0,24,0,3,0,32
2026-08-27 11:46:44,modem,34,0,3,0,2,0,34
2026-08-27 11:46:44,pppoe,43,0,35,0,2,0,33
2026-08-27 11:47:26,modem,34,0,3,0,2,0,33
2026-08-27 11:47:26,pppoe,33,0,24,0,2,0,33
2026-08-27 11:48:08,modem,34,0,3,0,2,0,34
2026-08-27 11:48:08,pppoe,33,0,24,0,2,0,33
2026-08-27 11:48:49,modem,33,0,3,0,2,0,34
2026-08-27 11:48:49,pppoe,34,0,24,0,2,0,36
2026-08-27 11:49:30,modem,34,0,3,0,2,0,34
2026-08-27 11:49:30,pppoe,33,0,24,0,2,0,34
2026-08-27 11:50:14,modem,34,0,3,0,2,0,33
2026-08-27 11:50:14,pppoe,33,0,24,0,2,0,33
2026-08-27 11:50:57,modem,40,0,7,0,2,0,33
2026-08-27 11:50:57,pppoe,33,0,24,0,2,0,34
2026-08-27 11:51:37,modem,34,0,3,0,2,0,34
2026-08-27 11:51:37,pppoe,35,0,24,0,2,0,35
2026-08-27 11:52:20,modem,33,0,5,0,5,0,35
2026-08-27 11:52:20,pppoe,33,0,24,0,2,0,36
2026-08-27 11:53:01,modem,37,0,5,0,4,0,35
2026-08-27 11:53:01,pppoe,38,0,26,0,3,0,35
2026-08-27 11:53:42,modem,36,0,4,0,2,0,33
2026-08-27 11:53:42,pppoe,36,0,24,0,4,0,36
2026-08-27 11:54:23,modem,37,0,3,0,2,0,35
2026-08-27 11:54:23,pppoe,34,0,24,0,2,0,36
2026-08-27 11:55:05,modem,33,0,3,0,2,0,34
2026-08-27 11:55:05,pppoe,33,0,24,0,2,0,34
2026-08-27 11:55:46,modem,34,0,3,0,2,0,33
2026-08-27 11:55:46,pppoe,33,0,24,0,3,0,34
2026-08-27 11:56:27,modem,34,0,3,0,2,0,33
2026-08-27 11:56:27,pppoe,34,0,24,0,2,0,34
2026-08-27 11:57:10,modem,33,0,3,0,2,0,34
2026-08-27 11:57:10,pppoe,33,0,23,0,6,0,43
2026-08-27 11:57:51,modem,34,0,3,0,2,0,33
2026-08-27 11:57:51,pppoe,37,0,45,0,3,0,34
2026-08-27 11:58:32,modem,33,0,3,0,2,0,33
2026-08-27 11:58:32,pppoe,33,0,24,0,3,0,33
2026-08-27 11:59:12,modem,34,0,3,0,2,0,33
2026-08-27 11:59:12,pppoe,33,0,24,0,2,0,33
2026-08-27 11:59:53,modem,34,0,3,0,2,0,34
2026-08-27 11:59:53,pppoe,33,0,23,0,2,0,34
2026-08-27 12:00:36,modem,33,0,3,0,2,0,34
2026-08-27 12:00:36,pppoe,33,0,24,0,4,0,38
2026-08-27 12:01:17,modem,34,0,3,0,2,0,34
2026-08-27 12:01:17,pppoe,33,0,24,0,2,0,34
2026-08-27 12:01:58,modem,33,0,3,0,2,0,34
2026-08-27 12:01:58,pppoe,33,0,24,0,2,0,39
2026-08-27 12:02:40,modem,34,0,3,0,2,0,33
2026-08-27 12:02:40,pppoe,33,0,24,0,2,0,33
2026-08-27 12:03:21,modem,33,0,3,0,2,0,34
2026-08-27 12:03:21,pppoe,33,0,24,0,2,0,33
2026-08-27 12:04:02,modem,34,0,3,0,2,0,33
2026-08-27 12:04:02,pppoe,33,0,30,0,19,0,33
2026-08-27 12:04:44,modem,34,0,3,0,2,0,34
2026-08-27 12:04:44,pppoe,34,0,37,0,4,0,33
2026-08-27 12:05:25,modem,34,0,3,0,2,0,34
2026-08-27 12:05:25,pppoe,41,0,24,0,2,0,34
2026-08-27 12:06:08,modem,34,0,3,0,2,0,33
2026-08-27 12:06:08,pppoe,33,0,24,0,2,0,33
2026-08-27 12:06:49,modem,33,0,3,0,2,0,34
2026-08-27 12:06:49,pppoe,34,0,24,0,2,0,33
2026-08-27 12:07:30,modem,34,0,3,0,2,0,34
2026-08-27 12:07:30,pppoe,33,0,24,0,2,0,34
2026-08-27 12:08:11,modem,34,0,3,0,2,0,33
2026-08-27 12:08:11,pppoe,33,0,24,0,2,0,34
2026-08-27 12:08:51,modem,33,0,3,0,2,0,34
2026-08-27 12:08:51,pppoe,33,0,25,0,2,0,34
2026-08-27 12:09:32,modem,34,0,3,0,2,0,33
2026-08-27 12:09:32,pppoe,33,0,24,0,2,0,40
2026-08-27 12:10:16,modem,34,0,3,0,2,0,34
2026-08-27 12:10:16,pppoe,33,0,24,0,2,0,34
2026-08-27 12:10:57,modem,34,0,3,0,2,0,34
2026-08-27 12:10:57,pppoe,33,0,24,0,2,0,34
2026-08-27 12:11:38,modem,34,0,3,0,2,0,33
2026-08-27 12:11:38,pppoe,33,0,38,0,14,0,33
2026-08-27 12:12:19,modem,34,0,3,0,2,0,33
2026-08-27 12:12:19,pppoe,33,0,24,0,3,0,34
2026-08-27 12:13:02,modem,34,0,3,0,2,0,33
2026-08-27 12:13:02,pppoe,33,0,24,0,2,0,34
2026-08-27 12:13:43,modem,34,0,3,0,2,0,34
2026-08-27 12:13:43,pppoe,36,0,24,0,2,0,34
2026-08-27 12:14:23,modem,33,0,3,0,2,0,34
2026-08-27 12:14:23,pppoe,33,0,24,0,2,0,33
2026-08-27 12:15:06,modem,34,0,3,0,2,0,34
2026-08-27 12:15:06,pppoe,33,0,24,0,2,0,33
2026-08-27 12:15:47,modem,34,0,3,0,3,0,33
2026-08-27 12:15:47,pppoe,33,0,24,0,2,0,33
2026-08-27 12:16:28,modem,34,0,3,0,2,0,34
2026-08-27 12:16:28,pppoe,33,0,24,0,9,0,39
2026-08-27 12:17:10,modem,34,0,3,0,2,0,33
2026-08-27 12:17:10,pppoe,33,0,24,0,2,0,41
2026-08-27 12:17:51,modem,34,0,3,0,2,0,33
2026-08-27 12:17:51,pppoe,37,0,40,0,2,0,34
2026-08-27 12:18:34,modem,34,0,3,0,2,0,34
2026-08-27 12:18:34,pppoe,33,0,24,0,3,0,33
2026-08-27 12:19:16,modem,34,0,3,0,2,0,34
2026-08-27 12:19:16,pppoe,33,0,24,0,3,0,33
2026-08-27 12:20:01,modem,33,0,3,0,2,0,34
2026-08-27 12:20:01,pppoe,33,0,24,0,2,0,35
2026-08-27 12:20:42,modem,34,0,3,0,2,0,34
2026-08-27 12:20:42,pppoe,33,0,24,0,2,0,33
2026-08-27 12:21:26,modem,34,0,3,0,2,0,34
2026-08-27 12:21:26,pppoe,33,0,24,0,3,0,33
2026-08-27 12:22:07,modem,33,0,3,0,3,0,34
2026-08-27 12:22:07,pppoe,33,0,24,0,2,0,34
2026-08-27 12:22:48,modem,34,0,3,0,2,0,33
2026-08-27 12:22:48,pppoe,33,0,24,0,3,0,33
2026-08-27 12:23:30,modem,33,0,3,0,2,0,34
2026-08-27 12:23:30,pppoe,33,0,24,0,2,0,33
2026-08-27 12:24:13,modem,34,0,3,0,2,0,34
2026-08-27 12:24:13,pppoe,33,0,24,0,2,0,33
2026-08-27 12:24:55,modem,34,0,3,0,2,0,34
2026-08-27 12:24:55,pppoe,33,0,24,0,2,0,34
2026-08-27 12:25:38,modem,33,0,3,0,2,0,33
2026-08-27 12:25:38,pppoe,33,0,37,0,13,0,33
2026-08-27 12:26:19,modem,34,0,3,0,2,0,34
2026-08-27 12:26:19,pppoe,33,0,24,0,2,0,34
2026-08-27 12:27:00,modem,34,0,3,0,2,0,33
2026-08-27 12:27:00,pppoe,42,0,24,0,2,0,34
2026-08-27 12:27:40,modem,33,0,3,0,2,0,33
2026-08-27 12:27:40,pppoe,33,0,24,0,2,0,34
2026-08-27 12:28:21,modem,34,0,3,0,2,0,34
2026-08-27 12:28:21,pppoe,33,0,24,0,3,0,33
2026-08-27 12:29:04,modem,34,0,3,0,3,0,34
2026-08-27 12:29:04,pppoe,33,0,25,0,2,0,34
2026-08-27 12:29:45,modem,33,0,3,0,3,0,33
2026-08-27 12:29:45,pppoe,33,0,24,0,2,0,34
2026-08-27 12:30:26,modem,34,0,3,0,2,0,33
2026-08-27 12:30:26,pppoe,34,0,24,0,2,0,33
2026-08-27 12:31:08,modem,34,0,3,0,2,0,33
2026-08-27 12:31:08,pppoe,33,0,24,0,2,0,33
2026-08-27 12:31:49,modem,34,0,3,0,2,0,34
2026-08-27 12:31:49,pppoe,33,0,24,0,2,0,34
2026-08-27 12:32:31,modem,34,0,3,0,2,0,33
2026-08-27 12:32:31,pppoe,33,0,24,0,3,0,34
2026-08-27 12:33:14,modem,34,0,3,0,2,0,34
2026-08-27 12:33:14,pppoe,41,0,24,0,3,0,34
2026-08-27 12:33:55,modem,34,0,3,0,2,0,34
2026-08-27 12:33:55,pppoe,33,0,24,0,2,0,35
2026-08-27 12:34:36,modem,33,0,3,0,2,0,33
2026-08-27 12:34:36,pppoe,33,0,24,0,2,0,36
2026-08-27 12:35:20,modem,34,0,3,0,2,0,34
2026-08-27 12:35:20,pppoe,33,0,24,0,3,0,33
2026-08-27 12:36:01,modem,34,0,3,0,2,0,34
2026-08-27 12:36:01,pppoe,33,0,24,0,3,0,33
2026-08-27 12:36:42,modem,34,0,3,0,2,0,34
2026-08-27 12:36:42,pppoe,33,0,24,0,2,0,34
2026-08-27 12:37:22,modem,34,0,3,0,2,0,33
2026-08-27 12:37:22,pppoe,33,0,32,0,18,0,33
2026-08-27 12:38:03,modem,33,0,3,0,2,0,34
2026-08-27 12:38:03,pppoe,37,0,37,0,2,0,34
2026-08-27 12:38:46,modem,34,0,3,0,2,0,34
2026-08-27 12:38:46,pppoe,43,0,28,0,2,0,34
2026-08-27 12:39:27,modem,34,0,3,0,2,0,33
2026-08-27 12:39:27,pppoe,33,0,24,0,2,0,33
2026-08-27 12:40:09,modem,33,0,3,0,2,0,34
2026-08-27 12:40:09,pppoe,33,0,25,0,2,0,33
2026-08-27 12:40:50,modem,33,0,3,0,2,0,34
2026-08-27 12:40:50,pppoe,33,0,24,0,3,0,39
2026-08-27 12:41:33,modem,34,0,3,0,2,0,34
2026-08-27 12:41:33,pppoe,34,0,24,0,2,0,33
2026-08-27 12:42:14,modem,34,0,3,0,2,0,34
2026-08-27 12:42:14,pppoe,33,0,25,0,2,0,34
2026-08-27 12:42:54,modem,33,0,3,0,2,0,34
2026-08-27 12:42:54,pppoe,33,0,24,0,2,0,41
2026-08-27 12:43:35,modem,34,0,3,0,2,0,34
2026-08-27 12:43:35,pppoe,33,0,24,0,3,0,34
2026-08-27 12:44:18,modem,34,0,3,0,2,0,33
2026-08-27 12:44:18,pppoe,33,0,24,0,2,0,34
2026-08-27 12:44:59,modem,34,0,4,0,2,0,34
2026-08-27 12:44:59,pppoe,33,0,24,0,3,0,33
2026-08-27 12:45:41,modem,34,0,3,0,2,0,34
2026-08-27 12:45:41,pppoe,33,0,24,0,2,0,34
2026-08-27 12:46:22,modem,34,0,3,0,2,0,33
2026-08-27 12:46:22,pppoe,34,0,24,0,2,0,34
2026-08-27 12:47:03,modem,34,0,3,0,2,0,34
2026-08-27 12:47:03,pppoe,33,0,24,0,2,0,34
2026-08-27 12:47:44,modem,33,0,3,0,2,0,34
2026-08-27 12:47:44,pppoe,33,0,24,0,2,0,34
2026-08-27 12:48:26,modem,33,0,3,0,2,0,34
2026-08-27 12:48:26,pppoe,33,0,24,0,2,0,33
2026-08-27 12:49:10,modem,34,0,3,0,2,0,33
2026-08-27 12:49:10,pppoe,33,0,24,0,2,0,33
2026-08-27 12:49:53,modem,33,0,3,0,2,0,34
2026-08-27 12:49:53,pppoe,33,0,24,0,2,0,34
2026-08-27 12:50:35,modem,33,0,3,0,2,0,34
2026-08-27 12:50:35,pppoe,35,0,24,0,2,0,34
2026-08-27 12:51:16,modem,34,0,3,0,2,0,34
2026-08-27 12:51:16,pppoe,34,0,24,0,3,0,34
2026-08-27 12:51:57,modem,34,0,3,0,2,0,34
2026-08-27 12:51:57,pppoe,33,0,24,0,2,0,40
2026-08-27 12:52:39,modem,34,0,3,0,2,0,33
2026-08-27 12:52:39,pppoe,33,0,24,0,3,0,37
2026-08-27 12:53:20,modem,34,0,3,0,2,0,34
2026-08-27 12:53:20,pppoe,33,0,24,0,2,0,33
2026-08-27 12:54:01,modem,34,0,3,0,2,0,34
2026-08-27 12:54:01,pppoe,33,0,24,0,3,0,34
2026-08-27 12:54:45,modem,34,0,3,0,2,0,33
2026-08-27 12:54:45,pppoe,38,0,45,0,2,0,33
2026-08-27 12:55:28,modem,33,0,3,0,2,0,33
2026-08-27 12:55:28,pppoe,33,0,24,0,2,0,36
2026-08-27 12:56:10,modem,33,0,3,0,2,0,35
2026-08-27 12:56:10,pppoe,36,0,26,0,6,0,36
2026-08-27 12:56:52,modem,34,0,3,0,2,0,34
2026-08-27 12:56:52,pppoe,33,0,24,0,2,0,34
2026-08-27 12:57:33,modem,34,0,3,0,3,0,34
2026-08-27 12:57:33,pppoe,34,0,30,0,14,0,33
2026-08-27 12:58:16,modem,34,0,3,0,3,0,34
2026-08-27 12:58:16,pppoe,33,0,24,0,3,0,33
2026-08-27 12:58:58,modem,34,0,3,0,2,0,34
2026-08-27 12:58:58,pppoe,35,0,26,0,2,0,33
2026-08-27 12:59:41,modem,39,0,4,0,9,0,34
2026-08-27 12:59:41,pppoe,34,0,24,0,2,0,36
2026-08-27 13:00:23,modem,33,0,3,0,3,0,33
2026-08-27 13:00:23,pppoe,33,0,24,0,2,0,34
2026-08-27 13:01:07,modem,33,0,3,0,2,0,34
2026-08-27 13:01:07,pppoe,33,0,24,0,30,0,34
2026-08-27 13:01:48,modem,34,0,3,0,2,0,33
2026-08-27 13:01:48,pppoe,33,0,24,0,2,0,33
2026-08-27 13:02:29,modem,34,0,3,0,2,0,34
2026-08-27 13:02:29,pppoe,47,0,24,0,2,0,34
2026-08-27 13:03:11,modem,34,0,3,0,2,0,34
2026-08-27 13:03:11,pppoe,44,0,27,0,3,0,34
2026-08-27 13:03:54,modem,34,0,3,0,2,0,34
2026-08-27 13:03:54,pppoe,34,0,24,0,3,0,39
2026-08-27 13:04:35,modem,34,0,3,0,2,0,33
2026-08-27 13:04:35,pppoe,33,0,24,0,2,0,33
2026-08-27 13:05:17,modem,33,0,3,0,2,0,34
2026-08-27 13:05:17,pppoe,33,0,23,0,2,0,33
2026-08-27 13:05:59,modem,33,0,3,0,2,0,33
2026-08-27 13:05:59,pppoe,33,0,24,0,2,0,34
2026-08-27 13:06:42,modem,34,0,3,0,2,0,34
2026-08-27 13:06:42,pppoe,34,0,28,0,21,0,34
2026-08-27 13:07:23,modem,33,0,3,0,2,0,33
2026-08-27 13:07:23,pppoe,43,0,31,0,2,0,33
2026-08-27 13:08:04,modem,33,0,3,0,2,0,33
2026-08-27 13:08:04,pppoe,33,0,24,0,2,0,34
2026-08-27 13:08:46,modem,33,0,3,0,2,0,34
2026-08-27 13:08:46,pppoe,33,0,24,0,3,0,33
2026-08-27 13:09:27,modem,33,0,3,0,2,0,33
2026-08-27 13:09:27,pppoe,33,0,24,0,2,0,42
2026-08-27 13:10:08,modem,34,0,3,0,2,0,33
2026-08-27 13:10:08,pppoe,33,0,24,0,2,0,33
2026-08-27 13:10:50,modem,34,0,3,0,2,0,34
2026-08-27 13:10:50,pppoe,33,0,24,0,2,0,34
2026-08-27 13:11:31,modem,33,0,3,0,2,0,33
2026-08-27 13:11:31,pppoe,34,0,24,0,3,0,41
2026-08-27 13:12:12,modem,34,0,3,0,2,0,34
2026-08-27 13:12:12,pppoe,34,0,24,0,2,0,34
2026-08-27 13:12:55,modem,34,0,3,0,2,0,33
2026-08-27 13:12:55,pppoe,33,0,24,0,2,0,34
2026-08-27 13:13:37,modem,34,0,3,0,2,0,33
2026-08-27 13:13:37,pppoe,33,0,24,0,2,0,33
2026-08-27 13:14:18,modem,34,0,3,0,2,0,33
2026-08-27 13:14:18,pppoe,33,0,24,0,13,0,36
2026-08-27 13:14:59,modem,33,0,3,0,2,0,34
2026-08-27 13:14:59,pppoe,33,0,24,0,2,0,33
2026-08-27 13:15:43,modem,34,0,3,0,2,0,33
2026-08-27 13:15:43,pppoe,33,0,24,0,3,0,33
2026-08-27 13:16:24,modem,34,0,3,0,2,0,33
2026-08-27 13:16:24,pppoe,33,0,24,0,2,0,33
2026-08-27 13:17:05,modem,34,0,3,0,2,0,33
2026-08-27 13:17:05,pppoe,33,0,25,0,2,0,34
2026-08-27 13:17:46,modem,34,0,3,0,2,0,33
2026-08-27 13:17:46,pppoe,33,0,24,0,3,0,35
2026-08-27 13:18:27,modem,34,0,3,0,2,0,33
2026-08-27 13:18:27,pppoe,33,0,24,0,2,0,34
2026-08-27 13:19:09,modem,34,0,3,0,2,0,34
2026-08-27 13:19:09,pppoe,33,0,23,0,2,0,34
2026-08-27 13:19:50,modem,33,0,3,0,2,0,33
2026-08-27 13:19:50,pppoe,46,0,24,0,2,0,33
2026-08-27 13:20:31,modem,33,0,3,0,2,0,34
2026-08-27 13:20:31,pppoe,33,0,24,0,2,0,34
2026-08-27 13:21:14,modem,34,0,3,0,2,0,34
2026-08-27 13:21:14,pppoe,33,0,24,0,2,0,34
2026-08-27 13:21:57,modem,34,0,3,0,2,0,33
2026-08-27 13:21:57,pppoe,33,0,24,0,3,0,37
2026-08-27 13:22:38,modem,34,0,3,0,3,0,33
2026-08-27 13:22:38,pppoe,34,0,40,0,12,0,33
2026-08-27 13:23:21,modem,34,0,3,0,2,0,33
2026-08-27 13:23:21,pppoe,33,0,24,0,12,0,39
2026-08-27 13:24:02,modem,34,0,3,0,3,0,34
2026-08-27 13:24:02,pppoe,33,0,24,0,2,0,34
2026-08-27 13:24:44,modem,33,0,3,0,3,0,33
2026-08-27 13:24:44,pppoe,34,0,24,0,3,0,39
2026-08-27 13:25:27,modem,33,0,3,0,2,0,34
2026-08-27 13:25:27,pppoe,33,0,24,0,2,0,34
2026-08-27 13:26:11,modem,34,0,3,0,2,0,33
2026-08-27 13:26:11,pppoe,33,0,24,0,2,0,33
2026-08-27 13:26:53,modem,34,0,3,0,2,0,34
2026-08-27 13:26:53,pppoe,33,0,23,0,2,0,33
2026-08-27 13:27:34,modem,34,0,3,0,2,0,33
2026-08-27 13:27:34,pppoe,33,0,25,0,2,0,34
2026-08-27 13:28:15,modem,34,0,3,0,2,0,34
2026-08-27 13:28:15,pppoe,33,0,24,0,2,0,33
2026-08-27 13:28:57,modem,33,0,3,0,2,0,33
2026-08-27 13:28:57,pppoe,36,0,24,0,2,0,33
2026-08-27 13:29:38,modem,34,0,3,0,3,0,34
2026-08-27 13:29:38,pppoe,34,0,24,0,3,0,37
2026-08-27 13:30:19,modem,33,0,3,0,2,0,34
2026-08-27 13:30:19,pppoe,34,0,24,0,2,0,34
2026-08-27 13:31:03,modem,34,0,3,0,2,0,34
2026-08-27 13:31:03,pppoe,33,0,24,0,2,0,34
2026-08-27 13:31:44,modem,34,0,3,0,2,0,34
2026-08-27 13:31:44,pppoe,33,0,24,0,2,0,33
2026-08-27 13:32:25,modem,34,0,3,0,2,0,33
2026-08-27 13:32:25,pppoe,33,0,24,0,19,0,35
2026-08-27 13:33:06,modem,34,0,3,0,2,0,33
2026-08-27 13:33:06,pppoe,33,0,24,0,4,0,33
2026-08-27 13:33:47,modem,33,0,3,0,2,0,33
2026-08-27 13:33:47,pppoe,34,0,24,0,16,0,38
2026-08-27 13:34:28,modem,34,0,3,0,2,0,34
2026-08-27 13:34:28,pppoe,34,0,24,0,2,0,33
2026-08-27 13:35:13,modem,34,0,3,0,2,0,34
2026-08-27 13:35:13,pppoe,33,0,24,0,2,0,38
2026-08-27 13:35:56,modem,34,0,3,0,2,0,34
2026-08-27 13:35:56,pppoe,33,0,24,0,13,0,40
2026-08-27 13:36:38,modem,34,0,3,0,2,0,33
2026-08-27 13:36:38,pppoe,33,0,24,0,2,0,34
2026-08-27 13:37:22,modem,34,0,3,0,2,0,33
2026-08-27 13:37:22,pppoe,38,0,24,0,3,0,36
2026-08-27 13:38:03,modem,34,0,3,0,2,0,33
2026-08-27 13:38:03,pppoe,33,0,24,0,3,0,33
2026-08-27 13:38:47,modem,33,0,3,0,2,0,34
2026-08-27 13:38:47,pppoe,33,0,24,0,2,0,33
2026-08-27 13:39:28,modem,34,0,3,0,2,0,34
2026-08-27 13:39:28,pppoe,34,0,24,0,3,0,34
2026-08-27 13:40:09,modem,34,0,3,0,3,0,33
2026-08-27 13:40:09,pppoe,33,0,24,0,3,0,34
2026-08-27 13:40:51,modem,34,0,3,0,2,0,33
2026-08-27 13:40:51,pppoe,33,0,24,0,2,0,34
2026-08-27 13:41:35,modem,33,0,3,0,2,0,34
2026-08-27 13:41:35,pppoe,34,0,24,0,2,0,33
2026-08-27 13:42:16,modem,33,0,3,0,2,0,34
2026-08-27 13:42:16,pppoe,34,0,24,0,3,0,33
2026-08-27 13:42:58,modem,33,0,3,0,2,0,33
2026-08-27 13:42:58,pppoe,33,0,24,0,2,0,34
2026-08-27 13:43:41,modem,34,0,3,0,2,0,33
2026-08-27 13:43:41,pppoe,33,0,24,0,2,0,34
2026-08-27 13:44:25,modem,33,0,3,0,2,0,33
2026-08-27 13:44:25,pppoe,33,0,24,0,2,0,33
2026-08-27 13:45:06,modem,33,0,3,0,2,0,34
2026-08-27 13:45:06,pppoe,33,0,24,0,2,0,33
2026-08-27 13:45:46,modem,33,0,3,0,2,0,34
2026-08-27 13:45:46,pppoe,34,0,24,0,2,0,33
2026-08-27 13:46:29,modem,34,0,3,0,2,0,33
2026-08-27 13:46:29,pppoe,34,0,24,0,2,0,33
2026-08-27 13:47:13,modem,33,0,3,0,2,0,34
2026-08-27 13:47:13,pppoe,33,0,24,0,25,0,41
2026-08-27 13:47:55,modem,34,0,3,0,2,0,33
2026-08-27 13:47:55,pppoe,33,0,24,0,2,0,33
2026-08-27 13:48:38,modem,34,0,3,0,2,0,33
2026-08-27 13:48:38,pppoe,45,0,24,0,2,0,34
2026-08-27 13:49:20,modem,33,0,3,0,2,0,34
2026-08-27 13:49:20,pppoe,34,0,23,0,3,0,33
2026-08-27 13:50:01,modem,34,0,3,0,2,0,34
2026-08-27 13:50:01,pppoe,33,0,24,0,2,0,34
2026-08-27 13:50:42,modem,34,0,2,0,2,0,33
2026-08-27 13:50:42,pppoe,33,0,24,0,2,0,33
2026-08-27 13:51:24,modem,34,0,3,0,2,0,33
2026-08-27 13:51:24,pppoe,33,0,24,0,2,0,33
2026-08-27 13:52:05,modem,34,0,3,0,2,0,33
2026-08-27 13:52:05,pppoe,33,0,23,0,3,0,33
2026-08-27 13:52:49,modem,34,0,3,0,2,0,33
2026-08-27 13:52:49,pppoe,34,0,39,0,11,0,32
2026-08-27 13:53:30,modem,34,0,3,0,2,0,34
2026-08-27 13:53:30,pppoe,33,0,24,0,2,0,34
2026-08-27 13:54:14,modem,34,0,3,0,2,0,33
2026-08-27 13:54:14,pppoe,34,0,24,0,3,0,33
2026-08-27 13:54:56,modem,34,0,3,0,2,0,34
2026-08-27 13:54:56,pppoe,34,0,24,0,2,0,33
2026-08-27 13:55:40,modem,34,0,3,0,2,0,33
2026-08-27 13:55:40,pppoe,33,0,24,0,13,0,33
2026-08-27 13:56:23,modem,34,0,3,0,2,0,33
2026-08-27 13:56:23,pppoe,33,0,24,0,2,0,33
2026-08-27 13:57:07,modem,34,0,3,0,2,0,34
2026-08-27 13:57:07,pppoe,33,0,24,0,2,0,33
2026-08-27 13:57:49,modem,34,0,3,0,2,0,33
2026-08-27 13:57:49,pppoe,34,0,24,0,2,0,33
2026-08-27 13:58:33,modem,34,0,3,0,2,0,33
2026-08-27 13:58:33,pppoe,34,0,24,0,3,0,33
2026-08-27 13:59:17,modem,34,0,3,0,2,0,33
2026-08-27 13:59:17,pppoe,33,0,24,0,2,0,33
2026-08-27 13:59:58,modem,33,0,3,0,2,0,33
2026-08-27 13:59:58,pppoe,33,0,24,0,2,0,33
2026-08-27 14:00:39,modem,34,0,3,0,2,0,33
2026-08-27 14:00:39,pppoe,33,0,24,0,2,0,33
2026-08-27 14:01:24,modem,34,0,3,0,2,0,33
2026-08-27 14:01:24,pppoe,34,0,24,0,2,0,33
2026-08-27 14:02:06,modem,34,0,3,0,2,0,33
2026-08-27 14:02:06,pppoe,35,0,24,0,2,0,33
2026-08-27 14:02:50,modem,34,0,3,0,2,0,34
2026-08-27 14:02:50,pppoe,33,0,24,0,3,0,33
2026-08-27 14:03:31,modem,34,0,3,0,2,0,33
2026-08-27 14:03:31,pppoe,34,0,24,0,2,0,33
2026-08-27 14:04:12,modem,34,0,3,0,2,0,34
2026-08-27 14:04:12,pppoe,33,0,24,0,2,0,33
2026-08-27 14:04:54,modem,34,0,3,0,2,0,34
2026-08-27 14:04:54,pppoe,33,0,24,0,2,0,34
2026-08-27 14:05:37,modem,34,0,3,0,2,0,33
2026-08-27 14:05:37,pppoe,34,0,24,0,2,0,33
2026-08-27 14:06:21,modem,33,0,3,0,2,0,33
2026-08-27 14:06:21,pppoe,33,0,24,0,3,0,35
2026-08-27 14:07:02,modem,34,0,3,0,2,0,34
2026-08-27 14:07:02,pppoe,33,0,24,0,2,0,34
2026-08-27 14:07:43,modem,34,0,3,0,2,0,34
2026-08-27 14:07:43,pppoe,34,0,24,0,3,0,34
2026-08-27 14:08:27,modem,34,0,3,0,2,0,34
2026-08-27 14:08:27,pppoe,34,0,24,0,24,0,34
2026-08-27 14:09:09,modem,34,0,3,0,2,0,33
2026-08-27 14:09:09,pppoe,50,0,25,0,2,0,33
2026-08-27 14:09:53,modem,34,0,3,0,2,0,34
2026-08-27 14:09:53,pppoe,34,0,24,0,3,0,33
2026-08-27 14:10:37,modem,33,0,3,0,2,0,33
2026-08-27 14:10:37,pppoe,33,0,25,0,2,0,33
2026-08-27 14:11:19,modem,33,0,3,0,3,0,34
2026-08-27 14:11:19,pppoe,33,0,24,0,3,0,33
2026-08-27 14:12:00,modem,34,0,3,0,2,0,33
2026-08-27 14:12:00,pppoe,33,0,24,0,2,0,33
2026-08-27 14:12:41,modem,34,0,3,0,2,0,34
2026-08-27 14:12:41,pppoe,47,0,24,0,2,0,33
2026-08-27 14:13:23,modem,33,0,3,0,2,0,34
2026-08-27 14:13:23,pppoe,35,0,24,0,2,0,33
2026-08-27 14:14:04,modem,34,0,3,0,2,0,34
2026-08-27 14:14:04,pppoe,33,0,24,0,2,0,33
2026-08-27 14:14:48,modem,34,0,3,0,2,0,33
2026-08-27 14:14:48,pppoe,33,0,24,0,2,0,33
2026-08-27 14:15:29,modem,34,0,3,0,2,0,33
2026-08-27 14:15:29,pppoe,33,0,34,0,17,0,33
2026-08-27 14:16:15,modem,34,0,3,0,2,0,33
2026-08-27 14:16:15,pppoe,49,0,24,0,3,0,34
2026-08-27 14:16:56,modem,33,0,3,0,2,0,33
2026-08-27 14:16:56,pppoe,41,0,24,0,2,0,33
2026-08-27 14:17:38,modem,34,0,3,0,2,0,34
2026-08-27 14:17:38,pppoe,33,0,23,0,3,0,34
2026-08-27 14:18:19,modem,34,0,3,0,2,0,33
2026-08-27 14:18:19,pppoe,33,0,24,0,2,0,33
2026-08-27 14:19:00,modem,33,0,3,0,2,0,33
2026-08-27 14:19:00,pppoe,33,0,24,0,3,0,37
2026-08-27 14:19:44,modem,34,0,3,0,2,0,34
2026-08-27 14:19:44,pppoe,34,0,27,0,25,0,34
2026-08-27 14:20:26,modem,33,0,4,0,2,0,34
2026-08-27 14:20:26,pppoe,33,0,24,0,2,0,33
2026-08-27 14:21:09,modem,33,0,3,0,2,0,34
2026-08-27 14:21:09,pppoe,33,0,24,0,2,0,40
2026-08-27 14:21:51,modem,34,0,3,0,2,0,34
2026-08-27 14:21:51,pppoe,33,0,24,0,2,0,34
2026-08-27 14:22:33,modem,33,0,3,0,2,0,34
2026-08-27 14:22:33,pppoe,33,0,24,0,16,0,33
2026-08-27 14:23:14,modem,34,0,3,0,2,0,33
2026-08-27 14:23:14,pppoe,34,0,24,0,2,0,33
2026-08-27 14:23:55,modem,33,0,3,0,2,0,33
2026-08-27 14:23:55,pppoe,33,0,24,0,2,0,34
2026-08-27 14:24:39,modem,33,0,3,0,2,0,34
2026-08-27 14:24:39,pppoe,33,0,24,0,3,0,34
2026-08-27 14:25:22,modem,33,0,3,0,2,0,34
2026-08-27 14:25:22,pppoe,33,0,23,0,3,0,39
2026-08-27 14:26:04,modem,34,0,3,0,2,0,33
2026-08-27 14:26:04,pppoe,33,0,24,0,2,0,34
2026-08-27 14:26:45,modem,33,0,3,0,2,0,33
2026-08-27 14:26:45,pppoe,33,0,24,0,2,0,34
2026-08-27 14:27:29,modem,33,0,3,0,2,0,34
2026-08-27 14:27:29,pppoe,33,0,29,0,19,0,36
2026-08-27 14:28:10,modem,34,0,3,0,2,0,33
2026-08-27 14:28:10,pppoe,45,0,24,0,2,0,33
2026-08-27 14:28:55,modem,33,0,3,0,2,0,34
2026-08-27 14:28:55,pppoe,33,0,25,0,2,0,44
2026-08-27 14:29:38,modem,33,0,3,0,2,0,33
2026-08-27 14:29:38,pppoe,33,0,24,0,2,0,33
2026-08-27 14:30:20,modem,34,0,3,0,2,0,34
2026-08-27 14:30:20,pppoe,33,0,24,0,2,0,33
2026-08-27 14:31:04,modem,33,0,3,0,2,0,34
2026-08-27 14:31:04,pppoe,33,0,24,0,2,0,33
2026-08-27 14:31:48,modem,34,0,3,0,2,0,34
2026-08-27 14:31:48,pppoe,33,0,24,0,2,0,34
2026-08-27 14:32:29,modem,34,0,3,0,2,0,34
2026-08-27 14:32:29,pppoe,33,0,24,0,3,0,34
2026-08-27 14:33:13,modem,34,0,3,0,2,0,34
2026-08-27 14:33:13,pppoe,33,0,28,0,15,0,34
2026-08-27 14:33:53,modem,34,0,3,0,2,0,33
2026-08-27 14:33:53,pppoe,44,0,28,0,2,0,34
2026-08-27 14:34:34,modem,33,0,3,0,2,0,33
2026-08-27 14:34:34,pppoe,33,0,24,0,2,0,33
2026-08-27 14:35:17,modem,34,0,3,0,2,0,34
2026-08-27 14:35:17,pppoe,45,0,24,0,3,0,33
2026-08-27 14:35:58,modem,34,0,3,0,2,0,34
2026-08-27 14:35:58,pppoe,34,0,24,0,2,0,34
2026-08-27 14:36:40,modem,34,0,3,0,2,0,33
2026-08-27 14:36:40,pppoe,34,0,24,0,2,0,35
2026-08-27 14:37:21,modem,33,0,3,0,2,0,34
2026-08-27 14:37:21,pppoe,33,0,23,0,3,0,33
2026-08-27 14:38:02,modem,34,0,3,0,2,0,33
2026-08-27 14:38:02,pppoe,33,0,24,0,3,0,41
2026-08-27 14:38:44,modem,34,0,3,0,2,0,34
2026-08-27 14:38:44,pppoe,33,0,32,0,31,0,34
2026-08-27 14:39:28,modem,34,0,3,0,2,0,34
2026-08-27 14:39:28,pppoe,43,0,24,0,2,0,33
2026-08-27 14:40:09,modem,34,0,3,0,2,0,33
2026-08-27 14:40:09,pppoe,33,0,24,0,2,0,33
2026-08-27 14:40:52,modem,33,0,3,0,2,0,34
2026-08-27 14:40:52,pppoe,33,0,24,0,2,0,33
2026-08-27 14:41:33,modem,33,0,3,0,2,0,33
2026-08-27 14:41:33,pppoe,33,0,25,0,2,0,34
2026-08-27 14:42:15,modem,34,0,3,0,2,0,33
2026-08-27 14:42:15,pppoe,33,0,24,0,3,0,41
2026-08-27 14:42:56,modem,33,0,3,0,2,0,34
2026-08-27 14:42:56,pppoe,33,0,24,0,2,0,33
2026-08-27 14:43:39,modem,34,0,3,0,2,0,33
2026-08-27 14:43:39,pppoe,34,0,34,0,18,0,33
2026-08-27 14:44:19,modem,33,0,3,0,2,0,34
2026-08-27 14:44:19,pppoe,34,0,24,0,3,0,33
2026-08-27 14:45:05,modem,33,0,3,0,2,0,33
2026-08-27 14:45:05,pppoe,33,0,24,0,2,0,33
2026-08-27 14:45:47,modem,34,0,3,0,2,0,34
2026-08-27 14:45:47,pppoe,33,0,24,0,3,0,32
2026-08-27 14:46:30,modem,34,0,3,0,2,0,34
2026-08-27 14:46:30,pppoe,33,0,23,0,2,0,33
2026-08-27 14:47:11,modem,34,0,3,0,2,0,34
2026-08-27 14:47:11,pppoe,34,0,23,0,2,0,32
2026-08-27 14:47:52,modem,33,0,3,0,2,0,33
2026-08-27 14:47:52,pppoe,33,0,49,0,10,0,33
2026-08-27 14:48:34,modem,34,0,3,0,2,0,34
2026-08-27 14:48:34,pppoe,33,0,24,0,2,0,33
2026-08-27 14:49:15,modem,34,0,3,0,2,0,34
2026-08-27 14:49:15,pppoe,33,0,23,0,2,0,34
2026-08-27 14:49:57,modem,33,0,3,0,2,0,33
2026-08-27 14:49:57,pppoe,33,0,24,0,2,0,33
2026-08-27 14:50:38,modem,34,0,3,0,2,0,33
2026-08-27 14:50:38,pppoe,33,0,24,0,2,0,34
2026-08-27 14:51:19,modem,34,0,3,0,2,0,34
2026-08-27 14:51:19,pppoe,33,0,24,0,2,0,33
2026-08-27 14:52:06,modem,34,0,3,0,2,0,33
2026-08-27 14:52:06,pppoe,41,0,24,0,2,0,33
2026-08-27 14:52:47,modem,34,0,3,0,2,0,33
2026-08-27 14:52:47,pppoe,34,0,24,0,3,0,33
2026-08-27 14:53:28,modem,34,0,3,0,2,0,34
2026-08-27 14:53:28,pppoe,33,0,24,0,2,0,34
2026-08-27 14:54:09,modem,34,0,3,0,2,0,34
2026-08-27 14:54:09,pppoe,33,0,24,0,2,0,33
2026-08-27 14:54:50,modem,33,0,3,0,2,0,34
2026-08-27 14:54:50,pppoe,33,0,24,0,2,0,33
2026-08-27 14:55:34,modem,34,0,3,0,2,0,33
2026-08-27 14:55:34,pppoe,33,0,24,0,2,0,33
2026-08-27 14:56:15,modem,34,0,3,0,2,0,34
2026-08-27 14:56:15,pppoe,34,0,24,0,3,0,42
2026-08-27 14:56:57,modem,33,0,3,0,2,0,33
2026-08-27 14:56:57,pppoe,33,0,36,0,2,0,34
2026-08-27 14:57:39,modem,33,0,3,0,2,0,33
2026-08-27 14:57:39,pppoe,38,0,36,0,2,0,32
2026-08-27 14:58:20,modem,34,0,3,0,2,0,33
2026-08-27 14:58:20,pppoe,35,0,24,0,3,0,33
2026-08-27 14:59:07,modem,34,0,3,0,2,0,33
2026-08-27 14:59:07,pppoe,33,0,24,0,3,0,33
2026-08-27 14:59:48,modem,33,0,3,0,2,0,33
2026-08-27 14:59:48,pppoe,33,0,25,0,2,0,34
2026-08-27 15:00:29,modem,34,0,3,0,2,0,34
2026-08-27 15:00:29,pppoe,33,0,24,0,2,0,34
2026-08-27 15:01:13,modem,34,0,3,0,2,0,33
2026-08-27 15:01:13,pppoe,33,0,23,0,2,0,34
2026-08-27 15:01:55,modem,34,0,3,0,2,0,34
2026-08-27 15:01:55,pppoe,33,0,24,0,2,0,33
2026-08-27 15:02:38,modem,33,0,3,0,2,0,33
2026-08-27 15:02:38,pppoe,33,0,24,0,3,0,37
2026-08-27 15:03:20,modem,34,0,3,0,2,0,33
2026-08-27 15:03:20,pppoe,33,0,24,0,2,0,34
2026-08-27 15:04:04,modem,34,0,3,0,2,0,34
2026-08-27 15:04:04,pppoe,33,0,24,0,2,0,34
2026-08-27 15:04:49,modem,34,0,3,0,2,0,35
2026-08-27 15:04:49,pppoe,33,0,24,0,3,0,34
2026-08-27 15:05:30,modem,33,0,3,0,2,0,33
2026-08-27 15:05:30,pppoe,33,0,24,0,29,0,40
2026-08-27 15:06:11,modem,33,0,3,0,2,0,33
2026-08-27 15:06:11,pppoe,33,0,24,0,4,0,33
2026-08-27 15:06:54,modem,33,0,3,0,2,0,34
2026-08-27 15:06:54,pppoe,33,0,23,0,3,0,37
2026-08-27 15:07:38,modem,34,0,3,0,2,0,33
2026-08-27 15:07:38,pppoe,33,0,24,0,2,0,33
2026-08-27 15:08:20,modem,34,0,3,0,2,0,34
2026-08-27 15:08:20,pppoe,33,0,24,0,2,0,33
2026-08-27 15:09:02,modem,33,0,3,0,2,0,34
2026-08-27 15:09:02,pppoe,33,0,24,0,2,0,34
2026-08-27 15:09:46,modem,34,0,3,0,2,0,33
2026-08-27 15:09:46,pppoe,33,0,24,0,2,0,34
2026-08-27 15:10:30,modem,34,0,3,0,2,0,34
2026-08-27 15:10:30,pppoe,33,0,24,0,2,0,33
2026-08-27 15:11:13,modem,33,0,3,0,2,0,33
2026-08-27 15:11:13,pppoe,33,0,24,0,9,0,40
2026-08-27 15:11:55,modem,34,0,3,0,2,0,33
2026-08-27 15:11:55,pppoe,47,0,28,0,2,0,34
2026-08-27 15:12:39,modem,34,0,4,0,2,0,33
2026-08-27 15:12:39,pppoe,40,0,24,0,3,0,40
2026-08-27 15:13:20,modem,34,0,3,0,2,0,33
2026-08-27 15:13:20,pppoe,33,0,24,0,2,0,34
2026-08-27 15:14:04,modem,34,0,3,0,2,0,34
2026-08-27 15:14:04,pppoe,33,0,24,0,23,0,38
2026-08-27 15:14:46,modem,34,0,4,0,2,0,33
2026-08-27 15:14:46,pppoe,33,0,24,0,2,0,33
2026-08-27 15:15:27,modem,34,0,3,0,2,0,34
2026-08-27 15:15:27,pppoe,43,0,36,0,2,0,33
2026-08-27 15:16:10,modem,34,0,3,0,2,0,34
2026-08-27 15:16:10,pppoe,33,0,23,0,2,0,34
2026-08-27 15:16:51,modem,33,0,3,0,2,0,33
2026-08-27 15:16:51,pppoe,34,0,24,0,2,0,33
2026-08-27 15:17:34,modem,33,0,3,0,2,0,34
2026-08-27 15:17:34,pppoe,33,0,24,0,2,0,37
2026-08-27 15:18:18,modem,34,0,3,0,2,0,34
2026-08-27 15:18:18,pppoe,33,0,24,0,20,0,39
2026-08-27 15:18:59,modem,33,0,3,0,2,0,33
2026-08-27 15:18:59,pppoe,39,0,35,0,2,0,33
2026-08-27 15:19:43,modem,33,0,3,0,2,0,34
2026-08-27 15:19:43,pppoe,34,0,24,0,2,0,34
2026-08-27 15:20:26,modem,33,0,3,0,2,0,33
2026-08-27 15:20:26,pppoe,33,0,24,0,2,0,38
2026-08-27 15:21:11,modem,34,0,3,0,2,0,34
2026-08-27 15:21:11,pppoe,34,0,24,0,2,0,34
2026-08-27 15:21:53,modem,34,0,3,0,3,0,33
2026-08-27 15:21:53,pppoe,33,0,23,0,2,0,33
2026-08-27 15:22:36,modem,34,0,3,0,2,0,34
2026-08-27 15:22:36,pppoe,33,0,24,0,2,0,40
2026-08-27 15:23:21,modem,33,0,3,0,2,0,33
2026-08-27 15:23:21,pppoe,52,0,29,0,3,0,33
2026-08-27 15:24:05,modem,34,0,3,0,2,0,34
2026-08-27 15:24:05,pppoe,33,0,24,0,2,0,34
2026-08-27 15:24:48,modem,33,0,3,0,2,0,34
2026-08-27 15:24:48,pppoe,33,0,25,0,3,0,37
2026-08-27 15:25:31,modem,33,0,3,0,2,0,33
2026-08-27 15:25:31,pppoe,33,0,24,0,2,0,34
2026-08-27 15:26:12,modem,33,0,3,0,2,0,34
2026-08-27 15:26:12,pppoe,33,0,24,0,12,0,40
2026-08-27 15:26:53,modem,33,0,3,0,2,0,33
2026-08-27 15:26:53,pppoe,33,0,24,0,16,0,44
2026-08-27 15:27:34,modem,34,0,3,0,3,0,34
2026-08-27 15:27:34,pppoe,33,0,23,0,37,0,34
2026-08-27 15:28:17,modem,34,0,3,0,2,0,33
2026-08-27 15:28:17,pppoe,33,0,24,0,2,0,32
2026-08-27 15:29:01,modem,33,0,3,0,2,0,34
2026-08-27 15:29:01,pppoe,33,0,24,0,3,0,32
2026-08-27 15:29:42,modem,34,0,3,0,2,0,34
2026-08-27 15:29:42,pppoe,33,0,23,0,2,0,33
2026-08-27 15:30:23,modem,34,0,3,0,2,0,33
2026-08-27 15:30:23,pppoe,33,0,24,0,3,0,33
2026-08-27 15:31:05,modem,33,0,3,0,2,0,33
2026-08-27 15:31:05,pppoe,33,0,24,0,2,0,33
2026-08-27 15:31:50,modem,33,0,3,0,2,0,33
2026-08-27 15:31:50,pppoe,33,0,24,0,4,0,33
2026-08-27 15:32:34,modem,34,0,3,0,2,0,34
2026-08-27 15:32:34,pppoe,33,0,24,0,12,0,39
2026-08-27 15:33:17,modem,33,0,3,0,2,0,34
2026-08-27 15:33:17,pppoe,34,0,24,0,14,0,37
2026-08-27 15:33:59,modem,33,0,3,0,2,0,33
2026-08-27 15:33:59,pppoe,43,0,24,0,3,0,33
2026-08-27 15:34:42,modem,34,0,3,0,2,0,33
2026-08-27 15:34:42,pppoe,33,0,24,0,2,0,32
2026-08-27 15:35:27,modem,34,0,3,0,2,0,33
2026-08-27 15:35:27,pppoe,34,0,24,0,2,0,33
2026-08-27 15:36:08,modem,33,0,3,0,2,0,33
2026-08-27 15:36:08,pppoe,34,0,24,0,2,0,34
2026-08-27 15:36:52,modem,33,0,3,0,2,0,34
2026-08-27 15:36:52,pppoe,35,0,28,0,3,0,34
2026-08-27 15:37:34,modem,34,0,3,0,2,0,34
2026-08-27 15:37:34,pppoe,33,0,24,0,3,0,35
2026-08-27 15:38:19,modem,34,0,3,0,2,0,34
2026-08-27 15:38:19,pppoe,33,0,24,0,2,0,33
2026-08-27 15:39:03,modem,34,0,3,0,2,0,34
2026-08-27 15:39:03,pppoe,33,0,24,0,2,0,34
2026-08-27 15:39:49,modem,34,0,3,0,2,0,34
2026-08-27 15:39:49,pppoe,33,0,24,0,2,0,36
2026-08-27 15:40:30,modem,34,0,3,0,2,0,33
2026-08-27 15:40:30,pppoe,33,0,42,0,8,0,33
2026-08-27 15:41:15,modem,34,0,3,0,2,0,33
2026-08-27 15:41:15,pppoe,33,0,24,0,2,0,33
2026-08-27 15:41:59,modem,33,0,3,0,2,0,34
2026-08-27 15:41:59,pppoe,33,0,24,0,3,0,33
2026-08-27 15:42:41,modem,34,0,4,0,3,0,34
2026-08-27 15:42:41,pppoe,33,0,24,0,2,0,32
2026-08-27 15:43:25,modem,34,0,3,0,2,0,34
2026-08-27 15:43:25,pppoe,33,0,24,0,2,0,33
2026-08-27 15:44:08,modem,34,0,3,0,2,0,33
2026-08-27 15:44:08,pppoe,34,0,24,0,2,0,33
2026-08-27 15:44:48,modem,34,0,3,0,2,0,34
2026-08-27 15:44:48,pppoe,34,0,24,0,3,0,33
2026-08-27 15:45:29,modem,34,0,3,0,2,0,34
2026-08-27 15:45:29,pppoe,33,0,24,0,2,0,33
2026-08-27 15:46:12,modem,34,0,3,0,2,0,32
2026-08-27 15:46:12,pppoe,33,0,24,0,3,0,34
2026-08-27 15:46:56,modem,33,0,3,0,2,0,34
2026-08-27 15:46:56,pppoe,33,0,24,0,20,0,40
2026-08-27 15:47:38,modem,34,0,3,0,2,0,33
2026-08-27 15:47:38,pppoe,33,0,23,0,2,0,33
2026-08-27 15:48:24,modem,33,0,3,0,3,0,33
2026-08-27 15:48:24,pppoe,33,0,24,0,3,0,38
2026-08-27 15:49:04,modem,34,0,3,0,2,0,33
2026-08-27 15:49:04,pppoe,34,0,24,0,2,0,38
2026-08-27 15:49:47,modem,33,0,3,0,2,0,33
2026-08-27 15:49:47,pppoe,33,0,24,0,3,0,39
2026-08-27 15:50:29,modem,34,0,3,0,2,0,33
2026-08-27 15:50:29,pppoe,34,0,24,0,2,0,34
2026-08-27 15:51:13,modem,34,0,3,0,2,0,33
2026-08-27 15:51:13,pppoe,33,0,24,0,2,0,38
2026-08-27 15:51:56,modem,34,0,3,0,2,0,34
2026-08-27 15:51:56,pppoe,33,0,24,0,2,0,34
2026-08-27 15:52:40,modem,34,0,3,0,2,0,33
2026-08-27 15:52:40,pppoe,33,0,25,0,2,0,34
2026-08-27 15:53:20,modem,34,0,3,0,2,0,44
2026-08-27 15:53:20,pppoe,51,0,26,20,6,0,41
2026-08-27 15:54:05,modem,37,0,4,0,2,0,36
2026-08-27 15:54:05,pppoe,37,0,25,0,9,0,34
2026-08-27 15:54:47,modem,33,0,3,0,2,0,34
2026-08-27 15:54:47,pppoe,33,0,24,0,3,0,36
2026-08-27 15:55:30,modem,34,0,3,0,2,0,34
2026-08-27 15:55:30,pppoe,33,0,24,0,2,0,33
2026-08-27 15:56:12,modem,34,0,3,0,2,0,33
2026-08-27 15:56:12,pppoe,37,0,33,0,3,0,33
2026-08-27 15:56:53,modem,33,0,3,0,2,0,34
2026-08-27 15:56:53,pppoe,33,0,24,0,2,0,33
2026-08-27 15:57:35,modem,34,0,3,0,2,0,33
2026-08-27 15:57:35,pppoe,33,0,24,0,2,0,34
2026-08-27 15:58:16,modem,34,0,3,0,2,0,33
2026-08-27 15:58:16,pppoe,33,0,24,0,2,0,34
2026-08-27 15:59:00,modem,34,0,3,0,2,0,33
2026-08-27 15:59:00,pppoe,33,0,24,0,2,0,33
2026-08-27 15:59:44,modem,34,0,3,0,2,0,34
2026-08-27 15:59:44,pppoe,33,0,24,0,2,0,34
2026-08-27 16:00:27,modem,34,0,3,0,3,0,34
2026-08-27 16:00:27,pppoe,33,0,24,0,2,0,33
2026-08-27 16:01:10,modem,33,0,3,0,2,0,33
2026-08-27 16:01:10,pppoe,33,0,23,0,2,0,33
2026-08-27 16:01:56,modem,34,0,3,0,2,0,33
2026-08-27 16:01:56,pppoe,33,0,41,0,14,0,33
2026-08-27 16:02:37,modem,33,0,3,0,2,0,34
2026-08-27 16:02:37,pppoe,33,0,24,0,2,0,34
2026-08-27 16:03:19,modem,34,0,3,0,2,0,33
2026-08-27 16:03:19,pppoe,33,0,24,0,2,0,34
2026-08-27 16:04:06,modem,33,0,3,0,2,0,33
2026-08-27 16:04:06,pppoe,50,0,24,0,2,0,35
2026-08-27 16:04:50,modem,34,0,3,0,2,0,33
2026-08-27 16:04:50,pppoe,33,0,24,0,2,0,33
2026-08-27 16:05:32,modem,33,0,3,0,2,0,33
2026-08-27 16:05:32,pppoe,33,0,24,0,3,0,33
2026-08-27 16:06:15,modem,34,0,3,0,2,0,34
2026-08-27 16:06:15,pppoe,33,0,24,0,2,0,33
2026-08-27 16:06:58,modem,34,0,3,0,2,0,34
2026-08-27 16:06:58,pppoe,41,0,28,0,3,0,34
2026-08-27 16:07:42,modem,34,0,3,0,2,0,34
2026-08-27 16:07:42,pppoe,33,0,24,0,2,0,42
2026-08-27 16:08:28,modem,34,0,3,0,2,0,33
2026-08-27 16:08:28,pppoe,33,0,24,0,2,0,34
2026-08-27 16:09:10,modem,34,0,3,0,2,0,33
2026-08-27 16:09:10,pppoe,52,0,28,0,2,0,34
2026-08-27 16:09:53,modem,33,0,3,0,2,0,34
2026-08-27 16:09:53,pppoe,33,0,25,0,2,0,37
2026-08-27 16:10:35,modem,33,0,3,0,2,0,34
2026-08-27 16:10:35,pppoe,33,0,24,0,2,0,38
2026-08-27 16:11:16,modem,34,0,3,0,2,0,34
2026-08-27 16:11:16,pppoe,33,0,24,0,2,0,33
2026-08-27 16:11:57,modem,33,0,3,0,2,0,34
2026-08-27 16:11:57,pppoe,34,0,24,0,3,0,36
2026-08-27 16:12:41,modem,34,0,3,0,2,0,34
2026-08-27 16:12:41,pppoe,38,0,39,0,2,0,34
2026-08-27 16:13:23,modem,34,0,3,0,2,0,33
2026-08-27 16:13:23,pppoe,34,0,24,0,2,0,34
2026-08-27 16:14:06,modem,34,0,3,0,2,0,34
2026-08-27 16:14:06,pppoe,33,0,24,0,3,0,34
2026-08-27 16:14:48,modem,34,0,3,0,2,0,34
2026-08-27 16:14:48,pppoe,33,0,24,0,2,0,33
2026-08-27 16:15:32,modem,34,0,3,0,2,0,34
2026-08-27 16:15:32,pppoe,33,0,24,0,2,0,34
2026-08-27 16:16:14,modem,34,0,3,0,2,0,34
2026-08-27 16:16:14,pppoe,33,0,24,0,2,0,34
2026-08-27 16:16:57,modem,34,0,3,0,2,0,34
2026-08-27 16:16:57,pppoe,50,0,24,0,2,0,33
2026-08-27 16:17:39,modem,33,0,3,0,2,0,33
2026-08-27 16:17:39,pppoe,33,0,24,0,2,0,34
2026-08-27 16:18:20,modem,33,0,3,0,2,0,34
2026-08-27 16:18:20,pppoe,33,0,24,0,2,0,37
2026-08-27 16:19:04,modem,34,0,3,0,2,0,33
2026-08-27 16:19:04,pppoe,33,0,24,0,2,0,45
2026-08-27 16:19:48,modem,34,0,3,0,2,0,35
2026-08-27 16:19:48,pppoe,33,0,24,0,2,0,33
2026-08-27 16:20:32,modem,34,0,3,0,2,0,33
2026-08-27 16:20:32,pppoe,33,0,24,0,2,0,34
2026-08-27 16:21:14,modem,34,0,3,0,2,0,33
2026-08-27 16:21:14,pppoe,33,0,24,0,4,0,34
2026-08-27 16:21:57,modem,33,0,3,0,2,0,34
2026-08-27 16:21:57,pppoe,33,0,24,0,2,0,34
2026-08-27 16:22:42,modem,34,0,3,0,2,0,33
2026-08-27 16:22:42,pppoe,33,0,24,0,3,0,34
2026-08-27 16:23:24,modem,34,0,3,0,2,0,34
2026-08-27 16:23:24,pppoe,33,0,24,0,2,0,33
2026-08-27 16:24:08,modem,34,0,3,0,2,0,33
2026-08-27 16:24:08,pppoe,33,0,24,0,2,0,34
2026-08-27 16:24:57,modem,34,0,3,0,2,0,33
2026-08-27 16:24:57,pppoe,34,0,24,0,2,0,34
2026-08-27 16:25:39,modem,34,0,3,0,2,0,34
2026-08-27 16:25:39,pppoe,33,0,23,0,2,0,33
2026-08-27 16:26:24,modem,33,0,3,0,2,0,33
2026-08-27 16:26:24,pppoe,33,0,24,0,2,0,34
2026-08-27 16:27:07,modem,34,0,3,0,2,0,34
2026-08-27 16:27:07,pppoe,34,0,23,0,2,0,34
2026-08-27 16:27:49,modem,34,0,3,0,2,0,34
2026-08-27 16:27:49,pppoe,34,0,37,0,28,0,40
2026-08-27 16:28:32,modem,33,0,3,0,2,0,33
2026-08-27 16:28:32,pppoe,44,0,28,0,2,0,34
2026-08-27 16:29:14,modem,34,0,3,0,2,0,33
2026-08-27 16:29:14,pppoe,33,0,24,0,2,0,34
2026-08-27 16:29:58,modem,33,0,3,0,2,0,34
2026-08-27 16:29:58,pppoe,33,0,24,0,2,0,36
2026-08-27 16:30:40,modem,34,0,3,0,2,0,33
2026-08-27 16:30:40,pppoe,33,0,24,0,2,0,42
2026-08-27 16:31:24,modem,34,0,3,0,2,0,34
2026-08-27 16:31:24,pppoe,33,0,24,0,3,0,34
2026-08-27 16:32:07,modem,33,0,3,0,2,0,34
2026-08-27 16:32:07,pppoe,33,0,24,0,2,0,42
2026-08-27 16:32:49,modem,34,0,3,0,2,0,33
2026-08-27 16:32:49,pppoe,33,0,24,0,2,0,35
2026-08-27 16:33:32,modem,34,0,3,0,2,0,34
2026-08-27 16:33:32,pppoe,33,0,24,0,9,0,33
2026-08-27 16:34:16,modem,33,0,3,0,2,0,34
2026-08-27 16:34:16,pppoe,33,0,24,0,2,0,35
2026-08-27 16:34:59,modem,34,0,3,0,2,0,33
2026-08-27 16:34:59,pppoe,33,0,23,0,2,0,38
2026-08-27 16:35:45,modem,38,0,3,0,2,0,33
2026-08-27 16:35:45,pppoe,43,0,36,0,2,0,33
2026-08-27 16:36:27,modem,34,0,3,0,2,0,34
2026-08-27 16:36:27,pppoe,33,0,24,0,2,0,34
2026-08-27 16:37:10,modem,34,0,3,0,2,0,33
2026-08-27 16:37:10,pppoe,33,0,24,0,3,0,33
2026-08-27 16:37:53,modem,34,0,3,0,9,0,34
2026-08-27 16:37:53,pppoe,33,0,41,0,10,0,33
2026-08-27 16:38:37,modem,34,0,3,0,2,0,33
2026-08-27 16:38:37,pppoe,45,0,29,0,3,0,33
2026-08-27 16:39:20,modem,34,0,3,0,2,0,33
2026-08-27 16:39:20,pppoe,33,0,25,0,2,0,33
2026-08-27 16:40:02,modem,34,0,3,0,2,0,33
2026-08-27 16:40:02,pppoe,33,0,24,0,2,0,43
2026-08-27 16:40:45,modem,34,0,3,0,2,0,34
2026-08-27 16:40:45,pppoe,33,0,24,0,3,0,34
2026-08-27 16:41:29,modem,34,0,3,0,2,0,33
2026-08-27 16:41:29,pppoe,47,0,28,0,2,0,33
2026-08-27 16:42:11,modem,34,0,3,0,2,0,34
2026-08-27 16:42:11,pppoe,37,0,24,0,2,0,34
2026-08-27 16:42:53,modem,33,0,3,0,2,0,34
2026-08-27 16:42:53,pppoe,37,0,45,0,3,0,33
2026-08-27 16:43:36,modem,34,0,3,0,2,0,34
2026-08-27 16:43:36,pppoe,33,0,24,0,18,0,34
2026-08-27 16:44:23,modem,34,0,3,0,2,0,33
2026-08-27 16:44:23,pppoe,33,0,24,0,2,0,34
2026-08-27 16:45:08,modem,34,0,3,0,2,0,32
2026-08-27 16:45:08,pppoe,33,0,24,0,2,0,43
2026-08-27 16:45:51,modem,35,0,3,0,2,0,33
2026-08-27 16:45:51,pppoe,33,0,47,0,16,0,34
2026-08-27 16:46:33,modem,33,0,3,0,2,0,35
2026-08-27 16:46:33,pppoe,33,0,24,0,2,0,34
2026-08-27 16:47:15,modem,34,0,3,0,2,0,34
2026-08-27 16:47:15,pppoe,33,0,24,0,2,0,33
2026-08-27 16:47:58,modem,34,0,3,0,2,0,34
2026-08-27 16:47:58,pppoe,34,0,24,0,2,0,33
2026-08-27 16:48:42,modem,34,0,3,0,2,0,34
2026-08-27 16:48:42,pppoe,33,0,30,0,22,0,34
2026-08-27 16:49:27,modem,34,0,3,0,2,0,33
2026-08-27 16:49:27,pppoe,33,0,29,0,2,0,33
2026-08-27 16:50:08,modem,34,0,3,0,2,0,33
2026-08-27 16:50:08,pppoe,34,0,32,0,2,0,34
2026-08-27 16:50:52,modem,34,0,3,0,2,0,34
2026-08-27 16:50:52,pppoe,33,0,24,0,2,0,34
2026-08-27 16:51:37,modem,33,0,3,0,2,0,34
2026-08-27 16:51:37,pppoe,33,0,24,0,2,0,33
2026-08-27 16:52:23,modem,34,0,3,0,2,0,33
2026-08-27 16:52:23,pppoe,33,0,24,0,2,0,34
2026-08-27 16:53:08,modem,34,0,3,0,2,0,33
2026-08-27 16:53:08,pppoe,45,0,24,0,2,0,33
2026-08-27 16:53:49,modem,34,0,3,0,2,0,33
2026-08-27 16:53:49,pppoe,33,0,25,0,2,0,36
2026-08-27 16:54:36,modem,34,0,3,0,2,0,33
2026-08-27 16:54:36,pppoe,35,0,38,0,4,0,33
2026-08-27 16:55:18,modem,34,0,3,0,2,0,34
2026-08-27 16:55:18,pppoe,33,0,24,0,2,0,34
2026-08-27 16:56:02,modem,33,0,3,0,2,0,34
2026-08-27 16:56:02,pppoe,33,0,24,0,3,0,33
2026-08-27 16:56:46,modem,33,0,3,0,2,0,34
2026-08-27 16:56:46,pppoe,33,0,34,0,10,0,33
2026-08-27 16:57:31,modem,34,0,3,0,2,0,33
2026-08-27 16:57:31,pppoe,37,0,24,0,3,0,34
2026-08-27 16:58:14,modem,33,0,3,0,2,0,34
2026-08-27 16:58:14,pppoe,33,0,25,0,2,0,33
2026-08-27 16:58:56,modem,33,0,3,0,2,0,34
2026-08-27 16:58:56,pppoe,33,0,32,0,23,0,33
2026-08-27 16:59:40,modem,34,0,3,0,2,0,33
2026-08-27 16:59:40,pppoe,33,0,24,0,2,0,33
2026-08-27 17:00:25,modem,34,0,3,0,2,0,34
2026-08-27 17:00:25,pppoe,33,0,25,0,2,0,33
2026-08-27 17:01:11,modem,34,0,3,0,2,0,33
2026-08-27 17:01:11,pppoe,33,0,24,0,2,0,34
2026-08-27 17:01:54,modem,33,0,3,0,2,0,33
2026-08-27 17:01:54,pppoe,33,0,24,0,2,0,33
2026-08-27 17:02:38,modem,33,0,3,0,2,0,34
2026-08-27 17:02:38,pppoe,34,0,24,0,2,0,37
2026-08-27 17:03:19,modem,33,0,3,0,2,0,33
2026-08-27 17:03:19,pppoe,33,0,24,0,19,0,33
2026-08-27 17:04:03,modem,34,0,3,0,2,0,33
2026-08-27 17:04:03,pppoe,40,0,24,0,2,0,34
2026-08-27 17:04:47,modem,33,0,3,0,2,0,34
2026-08-27 17:04:47,pppoe,33,0,25,0,2,0,33
2026-08-27 17:05:31,modem,33,0,3,0,2,0,33
2026-08-27 17:05:31,pppoe,33,0,25,0,3,0,34
2026-08-27 17:06:13,modem,34,0,3,0,2,0,34
2026-08-27 17:06:13,pppoe,44,0,40,0,3,0,34
2026-08-27 17:06:56,modem,33,0,2,0,2,0,34
2026-08-27 17:06:56,pppoe,33,0,25,0,2,0,34
2026-08-27 17:07:38,modem,33,0,3,0,2,0,34
2026-08-27 17:07:38,pppoe,33,0,25,0,2,0,33
2026-08-27 17:08:21,modem,33,0,3,0,2,0,34
2026-08-27 17:08:21,pppoe,34,0,38,0,19,0,33
2026-08-27 17:09:02,modem,33,0,3,0,2,0,34
2026-08-27 17:09:02,pppoe,33,0,24,0,2,0,33
2026-08-27 17:09:45,modem,34,0,3,0,3,0,34
2026-08-27 17:09:45,pppoe,45,0,25,0,2,0,37
2026-08-27 17:10:32,modem,33,0,3,0,2,0,34
2026-08-27 17:10:32,pppoe,33,0,24,0,2,0,33
2026-08-27 17:11:18,modem,34,0,3,0,2,0,34
2026-08-27 17:11:18,pppoe,33,0,26,0,3,0,33
2026-08-27 17:12:00,modem,34,0,3,0,2,0,34
2026-08-27 17:12:00,pppoe,33,0,24,0,2,0,36
2026-08-27 17:12:43,modem,34,0,3,0,2,0,33
2026-08-27 17:12:43,pppoe,33,0,39,0,2,0,36
2026-08-27 17:13:23,modem,33,0,3,0,2,0,34
2026-08-27 17:13:23,pppoe,33,0,24,0,3,0,34
2026-08-27 17:14:07,modem,33,0,3,0,2,0,33
2026-08-27 17:14:07,pppoe,33,0,25,0,14,0,33
2026-08-27 17:14:51,modem,33,0,3,0,2,0,34
2026-08-27 17:14:51,pppoe,33,0,56,0,2,0,33
2026-08-27 17:18:16,modem,33,0,3,0,2,0,33
2026-08-27 17:18:16,pppoe,33,0,25,0,3,0,34
2026-08-27 17:19:00,modem,33,0,3,0,2,0,33
2026-08-27 17:19:00,pppoe,33,0,24,0,2,0,33
2026-08-27 17:19:44,modem,33,0,3,0,2,0,34
2026-08-27 17:19:44,pppoe,34,0,24,0,3,0,32
2026-08-27 17:20:26,modem,34,0,3,0,2,0,34
2026-08-27 17:20:26,pppoe,33,0,23,0,2,0,33
2026-08-27 17:21:10,modem,33,0,3,0,2,0,33
2026-08-27 17:21:10,pppoe,33,0,24,0,2,0,33
2026-08-27 17:21:51,modem,34,0,3,0,3,0,34
2026-08-27 17:21:51,pppoe,33,0,24,0,2,0,33
2026-08-27 17:22:33,modem,34,0,3,0,2,0,34
2026-08-27 17:22:33,pppoe,41,0,33,0,2,0,33
2026-08-27 17:23:16,modem,34,0,3,0,2,0,34
2026-08-27 17:23:16,pppoe,33,0,24,0,3,0,33
2026-08-27 17:24:00,modem,34,0,3,0,2,0,33
2026-08-27 17:24:00,pppoe,33,0,36,0,2,0,33
2026-08-27 17:24:41,modem,33,0,3,0,2,0,34
2026-08-27 17:24:41,pppoe,33,0,26,0,2,0,32
2026-08-27 17:25:22,modem,33,0,3,0,2,0,34
2026-08-27 17:25:22,pppoe,33,0,61,0,2,0,33
2026-08-27 17:28:43,modem,34,0,3,0,2,0,34
2026-08-27 17:28:43,pppoe,33,0,24,0,2,0,33
2026-08-27 17:29:29,modem,33,0,3,0,2,0,33
2026-08-27 17:29:29,pppoe,33,0,24,0,2,0,33
2026-08-27 17:30:13,modem,33,0,3,0,2,0,33
2026-08-27 17:30:13,pppoe,33,0,24,0,2,0,33
2026-08-27 17:30:55,modem,33,0,3,0,2,0,33
2026-08-27 17:30:55,pppoe,33,0,24,0,3,0,33
2026-08-27 17:31:40,modem,34,0,3,0,2,0,34
2026-08-27 17:31:40,pppoe,33,0,25,0,2,0,34
2026-08-27 17:32:26,modem,34,0,3,0,2,0,34
2026-08-27 17:32:26,pppoe,33,0,24,0,3,0,41
2026-08-27 17:33:08,modem,33,0,3,0,2,0,34
2026-08-27 17:33:08,pppoe,34,0,44,0,4,0,33
2026-08-27 17:33:52,modem,34,0,3,0,2,0,33
2026-08-27 17:33:52,pppoe,33,0,24,0,3,0,34
2026-08-27 17:34:33,modem,34,0,3,0,2,0,34
2026-08-27 17:34:33,pppoe,33,0,24,0,2,0,34
2026-08-27 17:35:17,modem,34,0,3,0,2,0,34
2026-08-27 17:35:17,pppoe,34,0,24,0,3,0,33
2026-08-27 17:35:59,modem,34,0,3,0,2,0,33
2026-08-27 17:35:59,pppoe,33,0,24,0,3,0,33
2026-08-27 17:36:45,modem,34,0,3,0,2,0,32
2026-08-27 17:36:45,pppoe,33,0,24,0,2,0,34
2026-08-27 17:37:33,modem,34,0,3,0,2,0,34
2026-08-27 17:37:33,pppoe,33,0,27,0,2,0,34
2026-08-27 17:38:15,modem,34,0,3,0,2,0,34
2026-08-27 17:38:15,pppoe,33,0,25,0,3,0,39
2026-08-27 17:38:59,modem,34,0,3,0,2,0,34
2026-08-27 17:38:59,pppoe,33,0,24,0,3,0,34
2026-08-27 17:39:48,modem,33,0,3,0,2,0,33
2026-08-27 17:39:48,pppoe,33,0,24,0,3,0,38
2026-08-27 17:40:34,modem,34,0,3,0,2,0,34
2026-08-27 17:40:34,pppoe,33,0,24,0,3,0,33
2026-08-27 17:41:20,modem,34,0,3,0,2,0,33
2026-08-27 17:41:20,pppoe,33,0,24,0,2,0,41
2026-08-27 17:42:01,modem,33,0,4,0,3,0,34
2026-08-27 17:42:01,pppoe,33,0,24,0,2,0,34
2026-08-27 17:42:45,modem,33,0,3,0,2,0,33
2026-08-27 17:42:45,pppoe,34,0,24,0,3,0,34
2026-08-27 17:43:27,modem,33,0,3,0,2,0,33
2026-08-27 17:43:27,pppoe,50,0,24,0,2,0,33
2026-08-27 17:44:09,modem,34,0,3,0,2,0,33
2026-08-27 17:44:09,pppoe,33,0,24,0,3,0,38
2026-08-27 17:44:53,modem,34,0,3,0,2,0,34
2026-08-27 17:44:53,pppoe,33,0,24,0,2,0,34
2026-08-27 17:45:34,modem,33,0,3,0,2,0,33
2026-08-27 17:45:34,pppoe,33,0,24,0,2,0,33
2026-08-27 17:46:17,modem,34,0,3,0,2,0,34
2026-08-27 17:46:17,pppoe,34,0,24,0,3,0,33
2026-08-27 17:46:59,modem,34,0,3,0,2,0,34
2026-08-27 17:46:59,pppoe,33,0,24,0,2,0,40
2026-08-27 17:47:44,modem,34,0,3,0,2,0,33
2026-08-27 17:47:44,pppoe,33,0,23,0,2,0,33
2026-08-27 17:48:28,modem,34,0,3,0,2,0,35
2026-08-27 17:48:28,pppoe,42,0,24,0,2,0,34
2026-08-27 17:49:15,modem,33,0,3,0,2,0,33
2026-08-27 17:49:15,pppoe,33,0,24,0,2,0,37
2026-08-27 17:49:59,modem,34,0,3,0,2,0,33
2026-08-27 17:49:59,pppoe,33,0,30,0,28,0,33
2026-08-27 17:50:40,modem,33,0,3,0,2,0,34
2026-08-27 17:50:40,pppoe,34,0,24,0,2,0,33
2026-08-27 17:51:24,modem,34,0,3,0,2,0,33
2026-08-27 17:51:24,pppoe,37,0,24,0,3,0,34
2026-08-27 17:52:06,modem,33,0,3,0,2,0,34
2026-08-27 17:52:06,pppoe,33,0,24,0,2,0,33
2026-08-27 17:52:52,modem,34,0,3,0,2,0,34
2026-08-27 17:52:52,pppoe,33,0,32,0,20,0,33
2026-08-27 17:53:34,modem,34,0,3,0,2,0,34
2026-08-27 17:53:34,pppoe,39,0,24,0,2,0,33
2026-08-27 17:54:15,modem,34,0,3,0,2,0,34
2026-08-27 17:54:15,pppoe,33,0,24,0,2,0,33
2026-08-27 17:55:00,modem,33,0,3,0,2,0,34
2026-08-27 17:55:00,pppoe,33,0,23,0,3,0,33
2026-08-27 17:55:44,modem,34,0,3,0,3,0,33
2026-08-27 17:55:44,pppoe,34,0,24,0,2,0,33
2026-08-27 17:56:25,modem,34,0,3,0,2,0,34
2026-08-27 17:56:25,pppoe,33,0,24,0,2,0,32
2026-08-27 17:57:11,modem,34,0,3,0,2,0,33
2026-08-27 17:57:11,pppoe,33,0,24,0,2,0,34
2026-08-27 17:57:53,modem,33,0,3,0,2,0,33
2026-08-27 17:57:53,pppoe,33,0,24,0,3,0,32
2026-08-27 17:58:35,modem,34,0,3,0,2,0,34
2026-08-27 17:58:35,pppoe,33,0,24,0,4,0,33
2026-08-27 17:59:22,modem,33,0,3,0,2,0,34
2026-08-27 17:59:22,pppoe,33,0,24,0,3,0,33
2026-08-27 18:00:03,modem,34,0,3,0,2,0,33
2026-08-27 18:00:03,pppoe,34,0,24,0,2,0,37
2026-08-27 18:00:10,modem,34,0,3,0,2,0,33
2026-08-27 18:00:10,pppoe,-1,100,-1,100,-1,100,-1
2026-08-27 18:00:44,modem,34,0,3,0,3,0,33
2026-08-27 18:00:44,pppoe,33,0,24,0,2,0,34
2026-08-27 18:01:26,modem,34,0,3,0,2,0,33
2026-08-27 18:01:26,pppoe,33,0,24,0,3,0,33
2026-08-27 18:02:07,modem,33,0,3,0,2,0,34
2026-08-27 18:02:07,pppoe,33,0,24,0,2,0,33
2026-08-27 18:02:50,modem,33,0,3,0,3,0,33
2026-08-27 18:02:50,pppoe,33,0,24,0,2,0,33
2026-08-27 18:03:32,modem,34,0,3,0,3,0,33
2026-08-27 18:03:32,pppoe,33,0,25,0,2,0,33
2026-08-27 18:04:16,modem,34,0,3,0,2,0,34
2026-08-27 18:04:16,pppoe,33,0,24,0,2,0,33
2026-08-27 18:05:01,modem,34,0,3,0,2,0,34
2026-08-27 18:05:01,pppoe,33,0,24,0,2,0,33
2026-08-27 18:05:45,modem,33,0,3,0,3,0,33
2026-08-27 18:05:45,pppoe,34,0,25,0,3,0,33
2026-08-27 18:06:26,modem,34,0,3,0,2,0,34
2026-08-27 18:06:26,pppoe,33,0,34,0,16,0,33
2026-08-27 18:07:12,modem,34,0,3,0,2,0,34
2026-08-27 18:07:12,pppoe,33,0,24,0,2,0,36
2026-08-27 18:07:54,modem,34,0,3,0,3,0,34
2026-08-27 18:07:54,pppoe,34,0,24,0,3,0,33
2026-08-27 18:08:38,modem,34,0,3,0,2,0,34
2026-08-27 18:08:38,pppoe,33,0,25,0,3,0,36
2026-08-27 18:09:22,modem,33,0,3,0,2,0,34
2026-08-27 18:09:22,pppoe,33,0,43,0,13,0,33
2026-08-27 18:10:03,modem,34,0,3,0,2,0,34
2026-08-27 18:10:03,pppoe,45,0,24,0,3,0,34
2026-08-27 18:10:45,modem,33,0,3,0,2,0,33
2026-08-27 18:10:45,pppoe,33,0,24,0,3,0,33
2026-08-27 18:11:31,modem,34,0,3,0,2,0,34
2026-08-27 18:11:31,pppoe,33,0,24,0,2,0,33
2026-08-27 18:12:14,modem,34,0,3,0,2,0,33
2026-08-27 18:12:14,pppoe,34,0,25,0,3,0,34
2026-08-27 18:12:58,modem,34,0,4,0,2,0,33
2026-08-27 18:12:58,pppoe,33,0,24,0,2,0,33
2026-08-27 18:13:41,modem,33,0,3,0,2,0,33
2026-08-27 18:13:41,pppoe,33,0,24,0,2,0,33
2026-08-27 18:14:23,modem,33,0,3,0,3,0,34
2026-08-27 18:14:23,pppoe,46,0,28,0,3,0,33
2026-08-27 18:15:10,modem,34,0,3,0,2,0,33
2026-08-27 18:15:10,pppoe,34,0,24,0,2,0,33
2026-08-27 18:15:52,modem,33,0,3,0,2,0,33
2026-08-27 18:15:52,pppoe,33,0,25,0,2,0,33
2026-08-27 18:16:33,modem,34,0,3,0,2,0,33
2026-08-27 18:16:33,pppoe,33,0,24,0,2,0,34
2026-08-27 18:17:16,modem,34,0,3,0,2,0,34
2026-08-27 18:17:16,pppoe,33,0,24,0,2,0,33
2026-08-27 18:17:58,modem,34,0,3,0,2,0,33
2026-08-27 18:17:58,pppoe,37,0,24,0,2,0,33
2026-08-27 18:18:40,modem,33,0,4,0,2,0,33
2026-08-27 18:18:40,pppoe,34,0,25,0,2,0,33
2026-08-27 18:19:21,modem,34,0,3,0,2,0,34
2026-08-27 18:19:21,pppoe,34,0,24,0,2,0,33
2026-08-27 18:20:04,modem,33,0,4,0,2,0,33
2026-08-27 18:20:04,pppoe,33,0,24,0,2,0,33
2026-08-27 18:20:46,modem,33,0,3,0,2,0,33
2026-08-27 18:20:46,pppoe,33,0,24,0,3,0,32
2026-08-27 18:49:21,modem,34,0,3,0,2,0,35
2026-08-27 18:49:21,pppoe,34,0,3,0,3,0,33
2026-08-27 18:50:03,modem,34,0,3,0,3,0,34
2026-08-27 18:50:03,pppoe,34,0,3,0,2,0,34
2026-08-27 18:50:45,modem,33,0,3,0,3,0,33
2026-08-27 18:50:45,pppoe,34,0,12,0,18,0,34
2026-08-27 18:51:28,modem,33,0,3,0,2,0,34
2026-08-27 18:51:28,pppoe,34,0,12,0,11,0,33
2026-08-27 18:52:08,modem,34,0,3,0,2,0,33
2026-08-27 18:52:08,pppoe,34,0,3,0,3,0,34
2026-08-27 18:52:52,modem,33,0,3,0,2,0,34
2026-08-27 18:52:52,pppoe,34,0,3,0,2,0,33
2026-08-27 18:53:33,modem,34,0,3,0,2,0,34
2026-08-27 18:53:33,pppoe,33,0,3,0,2,0,34
2026-08-27 18:54:17,modem,34,0,3,0,3,0,33
2026-08-27 18:54:17,pppoe,33,0,3,0,2,0,34
2026-08-27 18:55:01,modem,34,0,3,0,2,0,34
2026-08-27 18:55:01,pppoe,34,0,3,0,3,0,34
2026-08-27 18:55:43,modem,33,0,3,0,2,0,34
2026-08-27 18:55:43,pppoe,33,0,3,0,2,0,33
2026-08-27 18:56:24,modem,33,0,3,0,2,0,33
2026-08-27 18:56:24,pppoe,34,0,3,0,2,0,33
2026-08-27 18:57:10,modem,34,0,3,0,2,0,33
2026-08-27 18:57:10,pppoe,33,0,3,0,3,0,33
2026-08-27 18:57:51,modem,34,0,3,0,2,0,34
2026-08-27 18:57:51,pppoe,34,0,2,0,3,0,34
2026-08-27 18:58:33,modem,33,0,3,0,2,0,34
2026-08-27 18:58:33,pppoe,39,0,3,0,2,0,38
2026-08-27 18:59:16,modem,33,0,4,0,2,0,34
2026-08-27 18:59:16,pppoe,33,0,2,0,2,0,33
2026-08-27 18:59:56,modem,33,0,3,0,3,0,34
2026-08-27 18:59:56,pppoe,34,0,3,0,2,0,33
2026-08-27 19:00:11,modem,34,0,3,0,2,0,34
2026-08-27 19:00:11,pppoe,-1,100,-1,100,-1,100,-1
2026-08-27 19:00:39,modem,33,0,3,0,3,0,34
2026-08-27 19:00:39,pppoe,33,0,3,0,2,0,35
2026-08-27 19:01:21,modem,33,0,3,0,2,0,33
2026-08-27 19:01:21,pppoe,42,0,14,0,2,0,34
2026-08-27 19:02:05,modem,34,0,3,0,2,0,34
2026-08-27 19:02:05,pppoe,34,0,3,0,2,0,34
2026-08-27 19:02:48,modem,33,0,3,0,2,0,34
2026-08-27 19:02:48,pppoe,33,0,3,0,2,0,39
2026-08-27 19:03:30,modem,34,0,3,0,2,0,33
2026-08-27 19:03:30,pppoe,34,0,3,0,2,0,34
2026-08-27 19:04:12,modem,34,0,3,0,2,0,33
2026-08-27 19:04:12,pppoe,34,0,3,0,2,0,34
2026-08-27 19:04:58,modem,34,0,3,0,3,0,33
2026-08-27 19:04:58,pppoe,33,0,3,0,2,0,34
2026-08-27 19:05:40,modem,34,0,3,0,2,0,33
2026-08-27 19:05:40,pppoe,33,0,3,0,3,0,34
2026-08-27 19:06:21,modem,34,0,3,0,2,0,33
2026-08-27 19:06:21,pppoe,33,0,3,0,2,0,38
2026-08-27 19:07:03,modem,34,0,3,0,2,0,34
2026-08-27 19:07:03,pppoe,33,0,3,0,2,0,34
2026-08-27 19:07:47,modem,34,0,3,0,2,0,33
2026-08-27 19:07:47,pppoe,33,0,3,0,2,0,34
2026-08-27 19:08:34,modem,34,0,3,0,2,0,33
2026-08-27 19:08:34,pppoe,34,0,3,0,2,0,34
2026-08-27 19:09:20,modem,34,0,3,0,2,0,33
2026-08-27 19:09:20,pppoe,33,0,3,0,2,0,33
2026-08-27 19:10:03,modem,34,0,3,0,2,0,34
2026-08-27 19:10:03,pppoe,33,0,3,0,2,0,34
2026-08-27 19:10:44,modem,34,0,3,0,2,0,33
2026-08-27 19:10:44,pppoe,33,0,3,0,21,0,34
2026-08-27 19:11:30,modem,33,0,3,0,2,0,33
2026-08-27 19:11:30,pppoe,34,0,3,0,2,0,33
2026-08-27 19:12:15,modem,34,0,3,0,2,0,34
2026-08-27 19:12:15,pppoe,34,0,4,0,3,0,33
2026-08-27 19:12:57,modem,34,0,3,0,2,0,32
2026-08-27 19:12:57,pppoe,34,0,3,0,2,0,33
2026-08-27 19:13:41,modem,34,0,3,0,2,0,33
2026-08-27 19:13:41,pppoe,33,0,3,0,2,0,33
2026-08-27 19:14:22,modem,34,0,3,0,3,0,34
2026-08-27 19:14:22,pppoe,33,0,3,0,2,0,34
2026-08-27 19:15:08,modem,34,0,3,0,2,0,33
2026-08-27 19:15:08,pppoe,34,0,2,0,3,0,33
2026-08-27 19:15:50,modem,34,0,3,0,2,0,33
2026-08-27 19:15:50,pppoe,34,0,17,0,9,0,34
2026-08-27 19:16:31,modem,33,0,3,0,2,0,35
2026-08-27 19:16:31,pppoe,33,0,3,0,2,0,34
2026-08-27 19:17:13,modem,34,0,3,0,3,0,34
2026-08-27 19:17:13,pppoe,34,0,3,0,3,0,33
2026-08-27 19:17:56,modem,33,0,3,0,2,0,34
2026-08-27 19:17:56,pppoe,34,0,3,0,2,0,33
2026-08-27 19:18:40,modem,34,0,3,0,3,0,33
2026-08-27 19:18:40,pppoe,34,0,4,0,2,0,34
2026-08-27 19:19:25,modem,33,0,3,0,2,0,34
2026-08-27 19:19:25,pppoe,34,0,2,0,2,0,35
2026-08-27 19:20:07,modem,33,0,3,0,2,0,34
2026-08-27 19:20:07,pppoe,34,0,2,0,2,0,34
2026-08-27 19:20:53,modem,34,0,3,0,2,0,34
2026-08-27 19:20:53,pppoe,34,0,10,0,18,0,34
2026-08-27 19:21:37,modem,34,0,3,0,2,0,33
2026-08-27 19:21:37,pppoe,33,0,3,0,2,0,33
2026-08-27 19:22:17,modem,34,0,4,0,2,0,34
2026-08-27 19:22:17,pppoe,39,0,3,0,2,0,33
2026-08-27 19:22:58,modem,33,0,3,0,2,0,33
2026-08-27 19:22:58,pppoe,34,0,2,0,3,0,34
2026-08-27 19:23:41,modem,34,0,3,0,2,0,34
2026-08-27 19:23:41,pppoe,34,0,3,0,3,0,40
2026-08-27 19:24:22,modem,34,0,3,0,2,0,33
2026-08-27 19:24:22,pppoe,34,0,3,0,3,0,40
2026-08-27 19:25:07,modem,34,0,3,0,2,0,34
2026-08-27 19:25:07,pppoe,34,0,3,0,2,0,35
2026-08-27 19:25:49,modem,34,0,3,0,3,0,33
2026-08-27 19:25:49,pppoe,34,0,2,0,3,0,34
2026-08-27 19:26:32,modem,33,0,3,0,2,0,34
2026-08-27 19:26:32,pppoe,33,0,3,0,3,0,34
2026-08-27 19:27:14,modem,34,0,3,0,2,0,33
2026-08-27 19:27:14,pppoe,34,0,3,0,2,0,33
2026-08-27 19:27:55,modem,34,0,3,0,2,0,33
2026-08-27 19:27:55,pppoe,33,0,3,0,2,0,34
2026-08-27 19:28:39,modem,34,0,3,0,2,0,33
2026-08-27 19:28:39,pppoe,34,0,3,0,3,0,33
2026-08-27 19:29:20,modem,34,0,3,0,3,0,34
2026-08-27 19:29:20,pppoe,34,0,3,0,2,0,34
2026-08-27 19:30:04,modem,33,0,3,0,3,0,35
2026-08-27 19:30:04,pppoe,34,0,3,0,2,0,34
2026-08-27 19:30:46,modem,34,0,3,0,2,0,33
2026-08-27 19:30:46,pppoe,34,0,3,0,2,0,34
2026-08-27 19:31:27,modem,33,0,3,0,2,0,34
2026-08-27 19:31:27,pppoe,33,0,3,0,2,0,33
2026-08-27 19:32:11,modem,34,0,3,0,2,0,34
2026-08-27 19:32:11,pppoe,34,0,3,0,2,0,34
2026-08-27 19:32:58,modem,34,0,3,0,2,0,34
2026-08-27 19:32:58,pppoe,34,0,3,0,15,0,34
2026-08-27 19:33:42,modem,34,0,3,0,2,0,33
2026-08-27 19:33:42,pppoe,33,0,3,0,2,0,33
2026-08-27 19:34:24,modem,34,0,3,0,3,0,33
2026-08-27 19:34:24,pppoe,34,0,3,0,3,0,40
2026-08-27 19:35:08,modem,33,0,3,0,2,0,34
2026-08-27 19:35:08,pppoe,33,0,3,0,3,0,34
2026-08-27 19:35:50,modem,34,0,3,0,2,0,33
2026-08-27 19:35:50,pppoe,33,0,3,0,2,0,34
2026-08-27 19:36:34,modem,33,0,4,0,4,0,34
2026-08-27 19:36:34,pppoe,34,0,4,0,3,0,34
2026-08-27 19:37:18,modem,33,0,3,0,2,0,33
2026-08-27 19:37:18,pppoe,34,0,3,0,2,0,34
2026-08-27 19:38:05,modem,33,0,3,0,2,0,33
2026-08-27 19:38:05,pppoe,35,0,3,0,2,0,34
2026-08-27 19:38:47,modem,33,0,3,0,2,0,36
2026-08-27 19:38:47,pppoe,33,0,3,0,2,0,33
2026-08-27 19:39:30,modem,34,0,3,0,2,0,33
2026-08-27 19:39:30,pppoe,34,0,3,0,8,0,34
2026-08-27 19:40:14,modem,33,0,3,0,2,0,34
2026-08-27 19:40:14,pppoe,33,0,4,0,2,0,33
2026-08-27 19:40:55,modem,33,0,3,0,4,0,34
2026-08-27 19:40:55,pppoe,33,0,4,0,3,0,33
2026-08-27 19:41:39,modem,34,0,3,0,2,0,34
2026-08-27 19:41:39,pppoe,34,0,3,0,2,0,33
2026-08-27 19:42:22,modem,33,0,3,0,2,0,34
2026-08-27 19:42:22,pppoe,33,0,3,0,3,0,33
2026-08-27 19:43:05,modem,35,0,3,0,2,0,34
2026-08-27 19:43:05,pppoe,35,0,3,0,4,0,33
2026-08-27 19:43:47,modem,34,0,3,0,2,0,34
2026-08-27 19:53:47,modem,34,0,3,0,2,0,34
2026-08-27 19:53:47,pppoe,34,0,3,0,2,0,33
2026-08-27 19:54:30,modem,34,0,3,0,2,0,35
2026-08-27 19:54:30,pppoe,34,0,3,0,3,0,34
2026-08-27 19:55:15,modem,37,0,3,0,2,0,34
2026-08-27 19:55:15,pppoe,40,0,21,0,2,0,33
2026-08-27 19:55:57,modem,33,0,3,0,2,0,34
2026-08-27 19:55:57,pppoe,37,0,3,0,2,0,33
2026-08-27 19:56:45,modem,33,0,3,0,2,0,33
2026-08-27 19:56:45,pppoe,-1,100,-1,100,-1,100,-1
2026-08-27 19:59:10,modem,34,0,3,0,2,0,34
2026-08-27 19:59:10,pppoe,34,0,156,20,2,0,33
2026-08-27 19:59:55,modem,34,0,3,0,2,0,35
2026-08-27 19:59:55,pppoe,34,0,163,20,33,0,33
2026-08-27 20:00:38,modem,33,0,3,0,2,0,33
2026-08-27 20:00:38,pppoe,34,0,159,0,2,0,35
2026-08-27 20:01:23,modem,34,0,3,0,2,0,34
2026-08-27 20:01:23,pppoe,34,0,158,0,2,0,33
2026-08-27 20:02:08,modem,33,0,3,0,2,0,33
2026-08-27 20:02:08,pppoe,34,0,160,0,2,0,33
2026-08-27 20:05:28,modem,34,0,3,0,2,0,34
2026-08-27 20:05:28,pppoe,41,0,197,0,2,0,33
2026-08-27 20:06:13,modem,33,0,3,0,2,0,34
2026-08-27 20:06:13,pppoe,34,0,179,0,2,0,44
2026-08-27 20:06:56,modem,34,0,3,0,2,0,34
2026-08-27 20:06:56,pppoe,34,0,175,0,18,0,38
2026-08-27 20:07:40,modem,34,0,3,0,3,0,33
2026-08-27 20:07:40,pppoe,34,0,183,0,3,0,34
2026-08-27 20:10:59,modem,34,0,3,0,2,0,33
2026-08-27 20:10:59,pppoe,34,0,185,20,2,0,33
2026-08-27 20:11:41,modem,34,0,3,0,2,0,34
2026-08-27 20:11:41,pppoe,34,0,185,0,2,0,33
2026-08-27 20:12:27,modem,34,0,3,0,2,0,34
2026-08-27 20:12:27,pppoe,42,0,174,20,3,0,33
2026-08-27 20:13:09,modem,34,0,3,0,2,0,34
2026-08-27 20:13:09,pppoe,34,0,173,40,3,0,33
2026-08-27 20:16:38,modem,34,0,3,0,2,0,33
2026-08-27 20:16:38,pppoe,34,0,188,20,2,0,33
2026-08-27 20:17:19,modem,37,0,3,0,2,0,34
2026-08-27 20:17:19,pppoe,34,0,173,0,2,0,33
2026-08-27 20:18:03,modem,33,0,3,0,2,0,33
2026-08-27 20:18:03,pppoe,34,0,171,0,2,0,33
2026-08-27 20:18:47,modem,34,0,3,0,2,0,33
2026-08-27 20:18:47,pppoe,46,0,178,20,2,0,33
2026-08-27 20:22:09,modem,34,0,3,0,3,0,33
2026-08-27 20:22:09,pppoe,34,0,179,0,2,0,33
2026-08-27 20:22:50,modem,34,0,3,0,2,0,34
2026-08-27 20:22:50,pppoe,34,0,176,20,2,0,33
2026-08-27 20:23:33,modem,34,0,3,0,2,0,34
2026-08-27 20:23:33,pppoe,34,0,183,0,2,0,33
2026-08-27 20:24:17,modem,34,0,3,0,2,0,34
2026-08-27 20:24:17,pppoe,34,0,188,40,2,0,33
2026-08-27 20:27:41,modem,34,0,5,0,2,0,33
2026-08-27 20:27:41,pppoe,59,0,173,0,2,0,33
2026-08-27 20:28:26,modem,34,0,3,0,2,0,33
2026-08-27 20:28:26,pppoe,35,0,174,0,3,0,33
2026-08-27 20:29:10,modem,34,0,3,0,2,0,34
2026-08-27 20:29:10,pppoe,34,0,167,0,2,0,33
2026-08-27 20:29:53,modem,34,0,3,0,2,0,34
2026-08-27 20:29:53,pppoe,34,0,183,0,3,0,33
2026-08-27 20:32:05,modem,34,0,3,0,2,0,34
2026-08-27 20:32:05,pppoe,38,0,211,20,2,0,33
2026-08-27 20:32:51,modem,34,0,3,0,2,0,34
2026-08-27 20:32:51,pppoe,34,0,212,20,3,0,32
2026-08-27 20:33:33,modem,34,0,3,0,2,0,33
2026-08-27 20:33:33,pppoe,34,0,212,20,2,0,33
2026-08-27 20:34:16,modem,34,0,3,0,2,0,34
2026-08-27 20:34:16,pppoe,45,0,210,40,2,0,33
2026-08-27 20:35:01,modem,36,0,3,0,2,0,34
2026-08-27 20:35:01,pppoe,34,0,209,0,2,0,34
2026-08-27 20:35:45,modem,34,0,3,0,2,0,34
2026-08-27 20:35:45,pppoe,34,0,211,0,3,0,34
2026-08-27 20:36:27,modem,34,0,3,0,2,0,33
2026-08-27 20:36:27,pppoe,34,0,210,40,2,0,33
2026-08-27 20:37:09,modem,34,0,3,0,2,0,34
2026-08-27 20:37:09,pppoe,34,0,207,20,2,0,33
2026-08-27 20:37:53,modem,34,0,3,0,2,0,33
2026-08-27 20:37:53,pppoe,34,0,209,20,2,0,34
2026-08-27 20:38:40,modem,34,0,3,0,2,0,33
2026-08-27 20:38:40,pppoe,34,0,210,20,2,0,33
2026-08-27 20:39:26,modem,34,0,3,0,2,0,34
2026-08-27 20:39:26,pppoe,34,0,211,20,3,0,32
2026-08-27 20:40:09,modem,34,0,3,0,2,0,33
2026-08-27 20:40:09,pppoe,34,0,210,20,2,0,33
2026-08-27 20:40:55,modem,34,0,3,0,2,0,36
2026-08-27 20:40:55,pppoe,34,0,213,20,2,0,34
2026-08-27 20:41:38,modem,34,0,3,0,2,0,36
2026-08-27 20:41:38,pppoe,34,0,213,40,2,0,33
2026-08-27 20:42:20,modem,36,0,3,0,3,0,35
2026-08-27 20:42:20,pppoe,34,0,210,0,2,0,33
2026-08-27 20:43:05,modem,36,0,3,0,2,0,35
2026-08-27 20:43:05,pppoe,51,0,212,0,2,0,34
2026-08-27 20:43:47,modem,34,0,3,0,2,0,34
2026-08-27 20:43:47,pppoe,34,0,211,20,2,0,33
2026-08-27 20:44:30,modem,34,0,3,0,2,0,34
2026-08-27 20:44:30,pppoe,34,0,210,20,2,0,33
2026-08-27 20:45:17,modem,34,0,3,0,2,0,34
2026-08-27 20:45:17,pppoe,34,0,211,20,2,0,33
2026-08-27 20:46:02,modem,35,0,3,0,2,0,35
2026-08-27 20:46:02,pppoe,34,0,210,40,2,0,34
2026-08-27 20:46:44,modem,36,0,3,0,2,0,36
2026-08-27 20:46:44,pppoe,34,0,206,20,2,0,34
2026-08-27 20:47:27,modem,34,0,3,0,2,0,35
2026-08-27 20:47:27,pppoe,34,0,208,0,3,0,34
2026-08-27 20:48:11,modem,34,0,3,0,2,0,34
2026-08-27 20:48:11,pppoe,34,0,208,0,2,0,34
2026-08-27 20:48:56,modem,34,0,3,0,2,0,33
2026-08-27 20:48:56,pppoe,34,0,208,0,2,0,32
2026-08-27 20:49:38,modem,34,0,3,0,2,0,34
2026-08-27 20:49:38,pppoe,34,0,202,40,2,0,33
2026-08-27 20:50:24,modem,35,0,3,0,2,0,34
2026-08-27 20:50:24,pppoe,34,0,204,0,2,0,33
2026-08-27 20:51:10,modem,34,0,3,0,2,0,34
2026-08-27 20:51:10,pppoe,36,0,210,20,3,0,33
2026-08-27 20:51:52,modem,34,0,3,0,2,0,33
2026-08-27 20:51:52,pppoe,34,0,211,40,2,0,33
2026-08-27 20:52:38,modem,34,0,3,0,2,0,34
2026-08-27 20:52:38,pppoe,34,0,210,40,2,0,33
2026-08-27 20:53:24,modem,34,0,3,0,2,0,35
2026-08-27 20:53:24,pppoe,48,0,213,0,2,0,36
2026-08-27 20:54:08,modem,33,0,38,0,2,0,34
2026-08-27 20:54:08,pppoe,36,0,208,20,28,0,32
2026-08-27 20:54:52,modem,36,0,3,0,2,0,39
2026-08-27 20:54:52,pppoe,39,0,209,0,3,0,46
2026-08-27 20:55:37,modem,66,0,3,0,2,0,68
2026-08-27 20:55:37,pppoe,76,0,208,0,3,0,57
2026-08-27 20:56:20,modem,69,0,3,0,2,0,61
2026-08-27 20:56:20,pppoe,69,0,207,0,2,0,61
